,abundance,seed,speciation_rate,species_id,time
0,0,1,1e-06,0,0.0
1,18,1,1e-06,1,0.0
2,1,1,1e-06,2,0.0
3,6,1,1e-06,3,0.0
4,48,1,1e-06,4,0.0
5,16,1,1e-06,5,0.0
6,4,1,1e-06,6,0.0
7,71,1,1e-06,7,0.0
8,15,1,1e-06,8,0.0
9,46,1,1e-06,9,0.0
10,47,1,1e-06,10,0.0
11,40,1,1e-06,11,0.0
12,83,1,1e-06,12,0.0
13,40,1,1e-06,13,0.0
14,10,1,1e-06,14,0.0
15,54,1,1e-06,15,0.0
16,0,1,1e-06,0,50.0
17,7,1,1e-06,1,50.0
18,8,1,1e-06,2,50.0
19,13,1,1e-06,3,50.0
20,6,1,1e-06,4,50.0
21,12,1,1e-06,5,50.0
22,37,1,1e-06,6,50.0
23,21,1,1e-06,7,50.0
24,6,1,1e-06,8,50.0
25,52,1,1e-06,9,50.0
26,9,1,1e-06,10,50.0
27,37,1,1e-06,11,50.0
28,20,1,1e-06,12,50.0
29,14,1,1e-06,13,50.0
30,53,1,1e-06,14,50.0
31,29,1,1e-06,15,50.0
32,26,1,1e-06,16,50.0
33,31,1,1e-06,17,50.0
34,0,1,1e-06,0,100.0
35,1,1,1e-06,1,100.0
36,5,1,1e-06,2,100.0
37,38,1,1e-06,3,100.0
38,30,1,1e-06,4,100.0
39,71,1,1e-06,5,100.0
40,34,1,1e-06,6,100.0
41,133,1,1e-06,7,100.0
42,225,1,1e-06,8,100.0
43,200,1,1e-06,9,100.0
44,103,1,1e-06,10,100.0
45,474,1,1e-06,11,100.0
46,221,1,1e-06,12,100.0
47,285,1,1e-06,13,100.0
48,301,1,1e-06,14,100.0
49,214,1,1e-06,15,100.0
50,418,1,1e-06,16,100.0
51,279,1,1e-06,17,100.0
52,241,1,1e-06,18,100.0
53,329,1,1e-06,19,100.0
54,0,1,5e-06,0,0.0
55,7,1,5e-06,1,0.0
56,1,1,5e-06,2,0.0
57,18,1,5e-06,3,0.0
58,22,1,5e-06,4,0.0
59,1,1,5e-06,5,0.0
60,6,1,5e-06,6,0.0
61,8,1,5e-06,7,0.0
62,48,1,5e-06,8,0.0
63,24,1,5e-06,9,0.0
64,16,1,5e-06,10,0.0
65,4,1,5e-06,11,0.0
66,14,1,5e-06,12,0.0
67,7,1,5e-06,13,0.0
68,7,1,5e-06,14,0.0
69,40,1,5e-06,15,0.0
70,71,1,5e-06,16,0.0
71,8,1,5e-06,17,0.0
72,2,1,5e-06,18,0.0
73,3,1,5e-06,19,0.0
74,46,1,5e-06,20,0.0
75,40,1,5e-06,21,0.0
76,21,1,5e-06,22,0.0
77,1,1,5e-06,23,0.0
78,40,1,5e-06,24,0.0
79,37,1,5e-06,25,0.0
80,2,1,5e-06,26,0.0
81,5,1,5e-06,27,0.0
82,0,1,5e-06,0,50.0
83,7,1,5e-06,1,50.0
84,5,1,5e-06,2,50.0
85,8,1,5e-06,3,50.0
86,24,1,5e-06,4,50.0
87,3,1,5e-06,5,50.0
88,1,1,5e-06,6,50.0
89,13,1,5e-06,7,50.0
90,6,1,5e-06,8,50.0
91,8,1,5e-06,9,50.0
92,12,1,5e-06,10,50.0
93,37,1,5e-06,11,50.0
94,14,1,5e-06,12,50.0
95,21,1,5e-06,13,50.0
96,6,1,5e-06,14,50.0
97,9,1,5e-06,15,50.0
98,6,1,5e-06,16,50.0
99,1,1,5e-06,17,50.0
100,49,1,5e-06,18,50.0
101,9,1,5e-06,19,50.0
102,5,1,5e-06,20,50.0
103,29,1,5e-06,21,50.0
104,20,1,5e-06,22,50.0
105,29,1,5e-06,23,50.0
106,1,1,5e-06,24,50.0
107,14,1,5e-06,25,50.0
108,29,1,5e-06,26,50.0
109,2,1,5e-06,27,50.0
110,13,1,5e-06,28,50.0
111,0,1,5e-06,0,100.0
112,1,1,5e-06,1,100.0
113,5,1,5e-06,2,100.0
114,9,1,5e-06,3,100.0
115,4,1,5e-06,4,100.0
116,1,1,5e-06,5,100.0
117,24,1,5e-06,6,100.0
118,38,1,5e-06,7,100.0
119,13,1,5e-06,8,100.0
120,30,1,5e-06,9,100.0
121,36,1,5e-06,10,100.0
122,12,1,5e-06,11,100.0
123,71,1,5e-06,12,100.0
124,4,1,5e-06,13,100.0
125,34,1,5e-06,14,100.0
126,6,1,5e-06,15,100.0
127,133,1,5e-06,16,100.0
128,32,1,5e-06,17,100.0
129,221,1,5e-06,18,100.0
130,139,1,5e-06,19,100.0
131,200,1,5e-06,20,100.0
132,103,1,5e-06,21,100.0
133,68,1,5e-06,22,100.0
134,79,1,5e-06,23,100.0
135,10,1,5e-06,24,100.0
136,73,1,5e-06,25,100.0
137,85,1,5e-06,26,100.0
138,462,1,5e-06,27,100.0
139,144,1,5e-06,28,100.0
140,104,1,5e-06,29,100.0
141,31,1,5e-06,30,100.0
142,279,1,5e-06,31,100.0
143,300,1,5e-06,32,100.0
144,264,1,5e-06,33,100.0
145,11,1,5e-06,34,100.0
146,205,1,5e-06,35,100.0
147,248,1,5e-06,36,100.0
148,22,1,5e-06,37,100.0
149,33,1,5e-06,38,100.0
150,68,1,5e-06,39,100.0
151,0,1,1e-05,0,0.0
152,7,1,1e-05,1,0.0
153,1,1,1e-05,2,0.0
154,3,1,1e-05,3,0.0
155,1,1,1e-05,4,0.0
156,18,1,1e-05,5,0.0
157,22,1,1e-05,6,0.0
158,1,1,1e-05,7,0.0
159,2,1,1e-05,8,0.0
160,2,1,1e-05,9,0.0
161,6,1,1e-05,10,0.0
162,38,1,1e-05,11,0.0
163,8,1,1e-05,12,0.0
164,18,1,1e-05,13,0.0
165,8,1,1e-05,14,0.0
166,5,1,1e-05,15,0.0
167,48,1,1e-05,16,0.0
168,24,1,1e-05,17,0.0
169,16,1,1e-05,18,0.0
170,4,1,1e-05,19,0.0
171,2,1,1e-05,20,0.0
172,25,1,1e-05,21,0.0
173,14,1,1e-05,22,0.0
174,7,1,1e-05,23,0.0
175,3,1,1e-05,24,0.0
176,16,1,1e-05,25,0.0
177,14,1,1e-05,26,0.0
178,12,1,1e-05,27,0.0
179,16,1,1e-05,28,0.0
180,5,1,1e-05,29,0.0
181,2,1,1e-05,30,0.0
182,71,1,1e-05,31,0.0
183,8,1,1e-05,32,0.0
184,2,1,1e-05,33,0.0
185,30,1,1e-05,34,0.0
186,3,1,1e-05,35,0.0
187,1,1,1e-05,36,0.0
188,35,1,1e-05,37,0.0
189,1,1,1e-05,38,0.0
190,0,1,1e-05,0,50.0
191,2,1,1e-05,1,50.0
192,1,1,1e-05,2,50.0
193,7,1,1e-05,3,50.0
194,5,1,1e-05,4,50.0
195,8,1,1e-05,5,50.0
196,24,1,1e-05,6,50.0
197,3,1,1e-05,7,50.0
198,1,1,1e-05,8,50.0
199,13,1,1e-05,9,50.0
200,6,1,1e-05,10,50.0
201,8,1,1e-05,11,50.0
202,1,1,1e-05,12,50.0
203,1,1,1e-05,13,50.0
204,12,1,1e-05,14,50.0
205,5,1,1e-05,15,50.0
206,12,1,1e-05,16,50.0
207,3,1,1e-05,17,50.0
208,11,1,1e-05,18,50.0
209,7,1,1e-05,19,50.0
210,9,1,1e-05,20,50.0
211,37,1,1e-05,21,50.0
212,14,1,1e-05,22,50.0
213,21,1,1e-05,23,50.0
214,6,1,1e-05,24,50.0
215,2,1,1e-05,25,50.0
216,16,1,1e-05,26,50.0
217,9,1,1e-05,27,50.0
218,6,1,1e-05,28,50.0
219,1,1,1e-05,29,50.0
220,20,1,1e-05,30,50.0
221,6,1,1e-05,31,50.0
222,47,1,1e-05,32,50.0
223,9,1,1e-05,33,50.0
224,23,1,1e-05,34,50.0
225,18,1,1e-05,35,50.0
226,5,1,1e-05,36,50.0
227,2,1,1e-05,37,50.0
228,0,1,1e-05,0,100.0
229,1,1,1e-05,1,100.0
230,5,1,1e-05,2,100.0
231,9,1,1e-05,3,100.0
232,1,1,1e-05,4,100.0
233,1,1,1e-05,5,100.0
234,1,1,1e-05,6,100.0
235,8,1,1e-05,7,100.0
236,2,1,1e-05,8,100.0
237,4,1,1e-05,9,100.0
238,1,1,1e-05,10,100.0
239,24,1,1e-05,11,100.0
240,24,1,1e-05,12,100.0
241,25,1,1e-05,13,100.0
242,45,1,1e-05,14,100.0
243,38,1,1e-05,15,100.0
244,6,1,1e-05,16,100.0
245,13,1,1e-05,17,100.0
246,30,1,1e-05,18,100.0
247,36,1,1e-05,19,100.0
248,17,1,1e-05,20,100.0
249,12,1,1e-05,21,100.0
250,71,1,1e-05,22,100.0
251,2,1,1e-05,23,100.0
252,34,1,1e-05,24,100.0
253,6,1,1e-05,25,100.0
254,51,1,1e-05,26,100.0
255,11,1,1e-05,27,100.0
256,10,1,1e-05,28,100.0
257,58,1,1e-05,29,100.0
258,31,1,1e-05,30,100.0
259,133,1,1e-05,31,100.0
260,55,1,1e-05,32,100.0
261,76,1,1e-05,33,100.0
262,32,1,1e-05,34,100.0
263,131,1,1e-05,35,100.0
264,94,1,1e-05,36,100.0
265,14,1,1e-05,37,100.0
266,9,1,1e-05,38,100.0
267,221,1,1e-05,39,100.0
268,139,1,1e-05,40,100.0
269,199,1,1e-05,41,100.0
270,33,1,1e-05,42,100.0
271,103,1,1e-05,43,100.0
272,22,1,1e-05,44,100.0
273,155,1,1e-05,45,100.0
274,68,1,1e-05,46,100.0
275,78,1,1e-05,47,100.0
276,10,1,1e-05,48,100.0
277,112,1,1e-05,49,100.0
278,10,1,1e-05,50,100.0
279,10,1,1e-05,51,100.0
280,18,1,1e-05,52,100.0
281,104,1,1e-05,53,100.0
282,22,1,1e-05,54,100.0
283,462,1,1e-05,55,100.0
284,144,1,1e-05,56,100.0
285,32,1,1e-05,57,100.0
286,175,1,1e-05,58,100.0
287,35,1,1e-05,59,100.0
288,132,1,1e-05,60,100.0
289,191,1,1e-05,61,100.0
290,6,1,1e-05,62,100.0
291,0,2,1e-06,0,0.0
292,1,2,1e-06,1,0.0
293,1,2,1e-06,2,0.0
294,9,2,1e-06,3,0.0
295,19,2,1e-06,4,0.0
296,9,2,1e-06,5,0.0
297,40,2,1e-06,6,0.0
298,59,2,1e-06,7,0.0
299,12,2,1e-06,8,0.0
300,26,2,1e-06,9,0.0
301,91,2,1e-06,10,0.0
302,122,2,1e-06,11,0.0
303,110,2,1e-06,12,0.0
304,0,2,1e-06,0,50.0
305,2,2,1e-06,1,50.0
306,2,2,1e-06,2,50.0
307,24,2,1e-06,3,50.0
308,1,2,1e-06,4,50.0
309,14,2,1e-06,5,50.0
310,13,2,1e-06,6,50.0
311,28,2,1e-06,7,50.0
312,33,2,1e-06,8,50.0
313,2,2,1e-06,9,50.0
314,46,2,1e-06,10,50.0
315,45,2,1e-06,11,50.0
316,76,2,1e-06,12,50.0
317,95,2,1e-06,13,50.0
318,0,2,1e-06,0,100.0
319,2,2,1e-06,1,100.0
320,6,2,1e-06,2,100.0
321,2,2,1e-06,3,100.0
322,59,2,1e-06,4,100.0
323,10,2,1e-06,5,100.0
324,147,2,1e-06,6,100.0
325,17,2,1e-06,7,100.0
326,14,2,1e-06,8,100.0
327,65,2,1e-06,9,100.0
328,132,2,1e-06,10,100.0
329,485,2,1e-06,11,100.0
330,59,2,1e-06,12,100.0
331,227,2,1e-06,13,100.0
332,691,2,1e-06,14,100.0
333,1048,2,1e-06,15,100.0
334,638,2,1e-06,16,100.0
335,0,2,5e-06,0,0.0
336,1,2,5e-06,1,0.0
337,11,2,5e-06,2,0.0
338,1,2,5e-06,3,0.0
339,9,2,5e-06,4,0.0
340,12,2,5e-06,5,0.0
341,8,2,5e-06,6,0.0
342,11,2,5e-06,7,0.0
343,8,2,5e-06,8,0.0
344,2,2,5e-06,9,0.0
345,19,2,5e-06,10,0.0
346,20,2,5e-06,11,0.0
347,15,2,5e-06,12,0.0
348,18,2,5e-06,13,0.0
349,3,2,5e-06,14,0.0
350,9,2,5e-06,15,0.0
351,44,2,5e-06,16,0.0
352,10,2,5e-06,17,0.0
353,29,2,5e-06,18,0.0
354,40,2,5e-06,19,0.0
355,7,2,5e-06,20,0.0
356,16,2,5e-06,21,0.0
357,47,2,5e-06,22,0.0
358,8,2,5e-06,23,0.0
359,63,2,5e-06,24,0.0
360,6,2,5e-06,25,0.0
361,75,2,5e-06,26,0.0
362,7,2,5e-06,27,0.0
363,0,2,5e-06,0,50.0
364,2,2,5e-06,1,50.0
365,1,2,5e-06,2,50.0
366,3,2,5e-06,3,50.0
367,2,2,5e-06,4,50.0
368,24,2,5e-06,5,50.0
369,2,2,5e-06,6,50.0
370,10,2,5e-06,7,50.0
371,2,2,5e-06,8,50.0
372,39,2,5e-06,9,50.0
373,14,2,5e-06,10,50.0
374,6,2,5e-06,11,50.0
375,1,2,5e-06,12,50.0
376,14,2,5e-06,13,50.0
377,8,2,5e-06,14,50.0
378,7,2,5e-06,15,50.0
379,2,2,5e-06,16,50.0
380,19,2,5e-06,17,50.0
381,13,2,5e-06,18,50.0
382,13,2,5e-06,19,50.0
383,20,2,5e-06,20,50.0
384,27,2,5e-06,21,50.0
385,10,2,5e-06,22,50.0
386,42,2,5e-06,23,50.0
387,27,2,5e-06,24,50.0
388,5,2,5e-06,25,50.0
389,29,2,5e-06,26,50.0
390,35,2,5e-06,27,50.0
391,4,2,5e-06,28,50.0
392,0,2,5e-06,0,100.0
393,13,2,5e-06,1,100.0
394,2,2,5e-06,2,100.0
395,1,2,5e-06,3,100.0
396,6,2,5e-06,4,100.0
397,21,2,5e-06,5,100.0
398,58,2,5e-06,6,100.0
399,2,2,5e-06,7,100.0
400,12,2,5e-06,8,100.0
401,59,2,5e-06,9,100.0
402,37,2,5e-06,10,100.0
403,87,2,5e-06,11,100.0
404,30,2,5e-06,12,100.0
405,55,2,5e-06,13,100.0
406,5,2,5e-06,14,100.0
407,24,2,5e-06,15,100.0
408,10,2,5e-06,16,100.0
409,147,2,5e-06,17,100.0
410,22,2,5e-06,18,100.0
411,116,2,5e-06,19,100.0
412,17,2,5e-06,20,100.0
413,72,2,5e-06,21,100.0
414,64,2,5e-06,22,100.0
415,141,2,5e-06,23,100.0
416,48,2,5e-06,24,100.0
417,14,2,5e-06,25,100.0
418,2,2,5e-06,26,100.0
419,44,2,5e-06,27,100.0
420,65,2,5e-06,28,100.0
421,283,2,5e-06,29,100.0
422,4,2,5e-06,30,100.0
423,279,2,5e-06,31,100.0
424,132,2,5e-06,32,100.0
425,115,2,5e-06,33,100.0
426,101,2,5e-06,34,100.0
427,238,2,5e-06,35,100.0
428,86,2,5e-06,36,100.0
429,23,2,5e-06,37,100.0
430,464,2,5e-06,38,100.0
431,36,2,5e-06,39,100.0
432,613,2,5e-06,40,100.0
433,54,2,5e-06,41,100.0
434,0,2,1e-05,0,0.0
435,1,2,1e-05,1,0.0
436,5,2,1e-05,2,0.0
437,12,2,1e-05,3,0.0
438,1,2,1e-05,4,0.0
439,7,2,1e-05,5,0.0
440,11,2,1e-05,6,0.0
441,1,2,1e-05,7,0.0
442,29,2,1e-05,8,0.0
443,9,2,1e-05,9,0.0
444,1,2,1e-05,10,0.0
445,12,2,1e-05,11,0.0
446,8,2,1e-05,12,0.0
447,1,2,1e-05,13,0.0
448,4,2,1e-05,14,0.0
449,11,2,1e-05,15,0.0
450,8,2,1e-05,16,0.0
451,2,2,1e-05,17,0.0
452,19,2,1e-05,18,0.0
453,20,2,1e-05,19,0.0
454,13,2,1e-05,20,0.0
455,6,2,1e-05,21,0.0
456,15,2,1e-05,22,0.0
457,18,2,1e-05,23,0.0
458,7,2,1e-05,24,0.0
459,30,2,1e-05,25,0.0
460,3,2,1e-05,26,0.0
461,27,2,1e-05,27,0.0
462,4,2,1e-05,28,0.0
463,44,2,1e-05,29,0.0
464,10,2,1e-05,30,0.0
465,29,2,1e-05,31,0.0
466,10,2,1e-05,32,0.0
467,18,2,1e-05,33,0.0
468,9,2,1e-05,34,0.0
469,7,2,1e-05,35,0.0
470,9,2,1e-05,36,0.0
471,2,2,1e-05,37,0.0
472,17,2,1e-05,38,0.0
473,29,2,1e-05,39,0.0
474,8,2,1e-05,40,0.0
475,22,2,1e-05,41,0.0
476,0,2,1e-05,0,50.0
477,2,2,1e-05,1,50.0
478,1,2,1e-05,2,50.0
479,10,2,1e-05,3,50.0
480,4,2,1e-05,4,50.0
481,3,2,1e-05,5,50.0
482,2,2,1e-05,6,50.0
483,10,2,1e-05,7,50.0
484,24,2,1e-05,8,50.0
485,1,2,1e-05,9,50.0
486,2,2,1e-05,10,50.0
487,10,2,1e-05,11,50.0
488,30,2,1e-05,12,50.0
489,2,2,1e-05,13,50.0
490,39,2,1e-05,14,50.0
491,14,2,1e-05,15,50.0
492,6,2,1e-05,16,50.0
493,1,2,1e-05,17,50.0
494,14,2,1e-05,18,50.0
495,8,2,1e-05,19,50.0
496,1,2,1e-05,20,50.0
497,7,2,1e-05,21,50.0
498,2,2,1e-05,22,50.0
499,19,2,1e-05,23,50.0
500,9,2,1e-05,24,50.0
501,14,2,1e-05,25,50.0
502,3,2,1e-05,26,50.0
503,12,2,1e-05,27,50.0
504,20,2,1e-05,28,50.0
505,7,2,1e-05,29,50.0
506,20,2,1e-05,30,50.0
507,2,2,1e-05,31,50.0
508,10,2,1e-05,32,50.0
509,2,2,1e-05,33,50.0
510,20,2,1e-05,34,50.0
511,27,2,1e-05,35,50.0
512,5,2,1e-05,36,50.0
513,18,2,1e-05,37,50.0
514,0,2,1e-05,0,100.0
515,2,2,1e-05,1,100.0
516,13,2,1e-05,2,100.0
517,2,2,1e-05,3,100.0
518,1,2,1e-05,4,100.0
519,7,2,1e-05,5,100.0
520,6,2,1e-05,6,100.0
521,10,2,1e-05,7,100.0
522,3,2,1e-05,8,100.0
523,10,2,1e-05,9,100.0
524,13,2,1e-05,10,100.0
525,44,2,1e-05,11,100.0
526,21,2,1e-05,12,100.0
527,58,2,1e-05,13,100.0
528,2,2,1e-05,14,100.0
529,38,2,1e-05,15,100.0
530,10,2,1e-05,16,100.0
531,12,2,1e-05,17,100.0
532,59,2,1e-05,18,100.0
533,18,2,1e-05,19,100.0
534,18,2,1e-05,20,100.0
535,37,2,1e-05,21,100.0
536,87,2,1e-05,22,100.0
537,115,2,1e-05,23,100.0
538,30,2,1e-05,24,100.0
539,5,2,1e-05,25,100.0
540,9,2,1e-05,26,100.0
541,55,2,1e-05,27,100.0
542,5,2,1e-05,28,100.0
543,24,2,1e-05,29,100.0
544,10,2,1e-05,30,100.0
545,147,2,1e-05,31,100.0
546,22,2,1e-05,32,100.0
547,116,2,1e-05,33,100.0
548,17,2,1e-05,34,100.0
549,30,2,1e-05,35,100.0
550,33,2,1e-05,36,100.0
551,72,2,1e-05,37,100.0
552,64,2,1e-05,38,100.0
553,20,2,1e-05,39,100.0
554,131,2,1e-05,40,100.0
555,48,2,1e-05,41,100.0
556,30,2,1e-05,42,100.0
557,14,2,1e-05,43,100.0
558,155,2,1e-05,44,100.0
559,14,2,1e-05,45,100.0
560,44,2,1e-05,46,100.0
561,220,2,1e-05,47,100.0
562,55,2,1e-05,48,100.0
563,265,2,1e-05,49,100.0
564,4,2,1e-05,50,100.0
565,279,2,1e-05,51,100.0
566,58,2,1e-05,52,100.0
567,64,2,1e-05,53,100.0
568,26,2,1e-05,54,100.0
569,108,2,1e-05,55,100.0
570,71,2,1e-05,56,100.0
571,4,2,1e-05,57,100.0
572,85,2,1e-05,58,100.0
573,266,2,1e-05,59,100.0
574,86,2,1e-05,60,100.0
575,23,2,1e-05,61,100.0
576,302,2,1e-05,62,100.0
577,5,2,1e-05,63,100.0
578,0,3,1e-06,0,0.0
579,1,3,1e-06,1,0.0
580,6,3,1e-06,2,0.0
581,1,3,1e-06,3,0.0
582,3,3,1e-06,4,0.0
583,7,3,1e-06,5,0.0
584,10,3,1e-06,6,0.0
585,2,3,1e-06,7,0.0
586,1,3,1e-06,8,0.0
587,9,3,1e-06,9,0.0
588,19,3,1e-06,10,0.0
589,110,3,1e-06,11,0.0
590,72,3,1e-06,12,0.0
591,258,3,1e-06,13,0.0
592,0,3,1e-06,0,50.0
593,7,3,1e-06,1,50.0
594,2,3,1e-06,2,50.0
595,1,3,1e-06,3,50.0
596,3,3,1e-06,4,50.0
597,12,3,1e-06,5,50.0
598,7,3,1e-06,6,50.0
599,2,3,1e-06,7,50.0
600,3,3,1e-06,8,50.0
601,7,3,1e-06,9,50.0
602,47,3,1e-06,10,50.0
603,96,3,1e-06,11,50.0
604,69,3,1e-06,12,50.0
605,125,3,1e-06,13,50.0
606,0,3,1e-06,0,100.0
607,5,3,1e-06,1,100.0
608,6,3,1e-06,2,100.0
609,3,3,1e-06,3,100.0
610,6,3,1e-06,4,100.0
611,1,3,1e-06,5,100.0
612,4,3,1e-06,6,100.0
613,8,3,1e-06,7,100.0
614,55,3,1e-06,8,100.0
615,60,3,1e-06,9,100.0
616,58,3,1e-06,10,100.0
617,15,3,1e-06,11,100.0
618,107,3,1e-06,12,100.0
619,76,3,1e-06,13,100.0
620,105,3,1e-06,14,100.0
621,177,3,1e-06,15,100.0
622,944,3,1e-06,16,100.0
623,565,3,1e-06,17,100.0
624,1407,3,1e-06,18,100.0
625,0,3,5e-06,0,0.0
626,2,3,5e-06,1,0.0
627,1,3,5e-06,2,0.0
628,6,3,5e-06,3,0.0
629,16,3,5e-06,4,0.0
630,9,3,5e-06,5,0.0
631,7,3,5e-06,6,0.0
632,21,3,5e-06,7,0.0
633,22,3,5e-06,8,0.0
634,6,3,5e-06,9,0.0
635,1,3,5e-06,10,0.0
636,5,3,5e-06,11,0.0
637,3,3,5e-06,12,0.0
638,5,3,5e-06,13,0.0
639,19,3,5e-06,14,0.0
640,13,3,5e-06,15,0.0
641,10,3,5e-06,16,0.0
642,2,3,5e-06,17,0.0
643,1,3,5e-06,18,0.0
644,14,3,5e-06,19,0.0
645,3,3,5e-06,20,0.0
646,2,3,5e-06,21,0.0
647,34,3,5e-06,22,0.0
648,25,3,5e-06,23,0.0
649,18,3,5e-06,24,0.0
650,3,3,5e-06,25,0.0
651,27,3,5e-06,26,0.0
652,20,3,5e-06,27,0.0
653,23,3,5e-06,28,0.0
654,30,3,5e-06,29,0.0
655,52,3,5e-06,30,0.0
656,85,3,5e-06,31,0.0
657,14,3,5e-06,32,0.0
658,0,3,5e-06,0,50.0
659,7,3,5e-06,1,50.0
660,10,3,5e-06,2,50.0
661,3,3,5e-06,3,50.0
662,2,3,5e-06,4,50.0
663,1,3,5e-06,5,50.0
664,13,3,5e-06,6,50.0
665,3,3,5e-06,7,50.0
666,1,3,5e-06,8,50.0
667,1,3,5e-06,9,50.0
668,13,3,5e-06,10,50.0
669,3,3,5e-06,11,50.0
670,2,3,5e-06,12,50.0
671,47,3,5e-06,13,50.0
672,4,3,5e-06,14,50.0
673,7,3,5e-06,15,50.0
674,2,3,5e-06,16,50.0
675,3,3,5e-06,17,50.0
676,3,3,5e-06,18,50.0
677,2,3,5e-06,19,50.0
678,7,3,5e-06,20,50.0
679,16,3,5e-06,21,50.0
680,16,3,5e-06,22,50.0
681,10,3,5e-06,23,50.0
682,8,3,5e-06,24,50.0
683,42,3,5e-06,25,50.0
684,32,3,5e-06,26,50.0
685,23,3,5e-06,27,50.0
686,36,3,5e-06,28,50.0
687,6,3,5e-06,29,50.0
688,47,3,5e-06,30,50.0
689,7,3,5e-06,31,50.0
690,4,3,5e-06,32,50.0
691,0,3,5e-06,0,100.0
692,5,3,5e-06,1,100.0
693,3,3,5e-06,2,100.0
694,5,3,5e-06,3,100.0
695,3,3,5e-06,4,100.0
696,6,3,5e-06,5,100.0
697,15,3,5e-06,6,100.0
698,3,3,5e-06,7,100.0
699,18,3,5e-06,8,100.0
700,14,3,5e-06,9,100.0
701,50,3,5e-06,10,100.0
702,6,3,5e-06,11,100.0
703,20,3,5e-06,12,100.0
704,1,3,5e-06,13,100.0
705,4,3,5e-06,14,100.0
706,2,3,5e-06,15,100.0
707,19,3,5e-06,16,100.0
708,44,3,5e-06,17,100.0
709,25,3,5e-06,18,100.0
710,37,3,5e-06,19,100.0
711,50,3,5e-06,20,100.0
712,65,3,5e-06,21,100.0
713,2,3,5e-06,22,100.0
714,5,3,5e-06,23,100.0
715,8,3,5e-06,24,100.0
716,72,3,5e-06,25,100.0
717,3,3,5e-06,26,100.0
718,55,3,5e-06,27,100.0
719,46,3,5e-06,28,100.0
720,150,3,5e-06,29,100.0
721,145,3,5e-06,30,100.0
722,58,3,5e-06,31,100.0
723,15,3,5e-06,32,100.0
724,107,3,5e-06,33,100.0
725,76,3,5e-06,34,100.0
726,5,3,5e-06,35,100.0
727,88,3,5e-06,36,100.0
728,65,3,5e-06,37,100.0
729,145,3,5e-06,38,100.0
730,101,3,5e-06,39,100.0
731,164,3,5e-06,40,100.0
732,442,3,5e-06,41,100.0
733,41,3,5e-06,42,100.0
734,372,3,5e-06,43,100.0
735,196,3,5e-06,44,100.0
736,113,3,5e-06,45,100.0
737,286,3,5e-06,46,100.0
738,179,3,5e-06,47,100.0
739,206,3,5e-06,48,100.0
740,24,3,5e-06,49,100.0
741,38,3,5e-06,50,100.0
742,0,3,1e-05,0,0.0
743,2,3,1e-05,1,0.0
744,6,3,1e-05,2,0.0
745,1,3,1e-05,3,0.0
746,6,3,1e-05,4,0.0
747,3,3,1e-05,5,0.0
748,16,3,1e-05,6,0.0
749,9,3,1e-05,7,0.0
750,5,3,1e-05,8,0.0
751,7,3,1e-05,9,0.0
752,2,3,1e-05,10,0.0
753,21,3,1e-05,11,0.0
754,2,3,1e-05,12,0.0
755,25,3,1e-05,13,0.0
756,4,3,1e-05,14,0.0
757,22,3,1e-05,15,0.0
758,6,3,1e-05,16,0.0
759,1,3,1e-05,17,0.0
760,5,3,1e-05,18,0.0
761,14,3,1e-05,19,0.0
762,3,3,1e-05,20,0.0
763,5,3,1e-05,21,0.0
764,19,3,1e-05,22,0.0
765,14,3,1e-05,23,0.0
766,13,3,1e-05,24,0.0
767,10,3,1e-05,25,0.0
768,4,3,1e-05,26,0.0
769,2,3,1e-05,27,0.0
770,23,3,1e-05,28,0.0
771,2,3,1e-05,29,0.0
772,1,3,1e-05,30,0.0
773,23,3,1e-05,31,0.0
774,14,3,1e-05,32,0.0
775,13,3,1e-05,33,0.0
776,3,3,1e-05,34,0.0
777,13,3,1e-05,35,0.0
778,52,3,1e-05,36,0.0
779,11,3,1e-05,37,0.0
780,2,3,1e-05,38,0.0
781,9,3,1e-05,39,0.0
782,3,3,1e-05,40,0.0
783,10,3,1e-05,41,0.0
784,6,3,1e-05,42,0.0
785,18,3,1e-05,43,0.0
786,52,3,1e-05,44,0.0
787,17,3,1e-05,45,0.0
788,0,3,1e-05,0,50.0
789,7,3,1e-05,1,50.0
790,10,3,1e-05,2,50.0
791,3,3,1e-05,3,50.0
792,2,3,1e-05,4,50.0
793,1,3,1e-05,5,50.0
794,13,3,1e-05,6,50.0
795,13,3,1e-05,7,50.0
796,3,3,1e-05,8,50.0
797,5,3,1e-05,9,50.0
798,3,3,1e-05,10,50.0
799,1,3,1e-05,11,50.0
800,16,3,1e-05,12,50.0
801,1,3,1e-05,13,50.0
802,1,3,1e-05,14,50.0
803,1,3,1e-05,15,50.0
804,13,3,1e-05,16,50.0
805,7,3,1e-05,17,50.0
806,3,3,1e-05,18,50.0
807,2,3,1e-05,19,50.0
808,47,3,1e-05,20,50.0
809,4,3,1e-05,21,50.0
810,4,3,1e-05,22,50.0
811,15,3,1e-05,23,50.0
812,7,3,1e-05,24,50.0
813,10,3,1e-05,25,50.0
814,32,3,1e-05,26,50.0
815,11,3,1e-05,27,50.0
816,2,3,1e-05,28,50.0
817,2,3,1e-05,29,50.0
818,3,3,1e-05,30,50.0
819,9,3,1e-05,31,50.0
820,3,3,1e-05,32,50.0
821,12,3,1e-05,33,50.0
822,2,3,1e-05,34,50.0
823,5,3,1e-05,35,50.0
824,25,3,1e-05,36,50.0
825,2,3,1e-05,37,50.0
826,7,3,1e-05,38,50.0
827,3,3,1e-05,39,50.0
828,4,3,1e-05,40,50.0
829,8,3,1e-05,41,50.0
830,3,3,1e-05,42,50.0
831,8,3,1e-05,43,50.0
832,21,3,1e-05,44,50.0
833,6,3,1e-05,45,50.0
834,14,3,1e-05,46,50.0
835,7,3,1e-05,47,50.0
836,0,3,1e-05,0,100.0
837,5,3,1e-05,1,100.0
838,2,3,1e-05,2,100.0
839,3,3,1e-05,3,100.0
840,5,3,1e-05,4,100.0
841,3,3,1e-05,5,100.0
842,6,3,1e-05,6,100.0
843,1,3,1e-05,7,100.0
844,15,3,1e-05,8,100.0
845,3,3,1e-05,9,100.0
846,13,3,1e-05,10,100.0
847,18,3,1e-05,11,100.0
848,14,3,1e-05,12,100.0
849,29,3,1e-05,13,100.0
850,50,3,1e-05,14,100.0
851,14,3,1e-05,15,100.0
852,6,3,1e-05,16,100.0
853,20,3,1e-05,17,100.0
854,1,3,1e-05,18,100.0
855,4,3,1e-05,19,100.0
856,2,3,1e-05,20,100.0
857,55,3,1e-05,21,100.0
858,19,3,1e-05,22,100.0
859,44,3,1e-05,23,100.0
860,63,3,1e-05,24,100.0
861,25,3,1e-05,25,100.0
862,37,3,1e-05,26,100.0
863,48,3,1e-05,27,100.0
864,50,3,1e-05,28,100.0
865,8,3,1e-05,29,100.0
866,101,3,1e-05,30,100.0
867,24,3,1e-05,31,100.0
868,28,3,1e-05,32,100.0
869,36,3,1e-05,33,100.0
870,65,3,1e-05,34,100.0
871,2,3,1e-05,35,100.0
872,5,3,1e-05,36,100.0
873,8,3,1e-05,37,100.0
874,72,3,1e-05,38,100.0
875,22,3,1e-05,39,100.0
876,3,3,1e-05,40,100.0
877,55,3,1e-05,41,100.0
878,46,3,1e-05,42,100.0
879,150,3,1e-05,43,100.0
880,38,3,1e-05,44,100.0
881,145,3,1e-05,45,100.0
882,11,3,1e-05,46,100.0
883,58,3,1e-05,47,100.0
884,228,3,1e-05,48,100.0
885,15,3,1e-05,49,100.0
886,137,3,1e-05,50,100.0
887,62,3,1e-05,51,100.0
888,15,3,1e-05,52,100.0
889,107,3,1e-05,53,100.0
890,76,3,1e-05,54,100.0
891,71,3,1e-05,55,100.0
892,5,3,1e-05,56,100.0
893,104,3,1e-05,57,100.0
894,75,3,1e-05,58,100.0
895,47,3,1e-05,59,100.0
896,152,3,1e-05,60,100.0
897,17,3,1e-05,61,100.0
898,74,3,1e-05,62,100.0
899,10,3,1e-05,63,100.0
900,62,3,1e-05,64,100.0
901,385,3,1e-05,65,100.0
902,55,3,1e-05,66,100.0
903,102,3,1e-05,67,100.0
904,41,3,1e-05,68,100.0
905,5,3,1e-05,69,100.0
906,98,3,1e-05,70,100.0
907,179,3,1e-05,71,100.0
908,24,3,1e-05,72,100.0
909,24,3,1e-05,73,100.0
910,0,4,1e-06,0,0.0
911,15,4,1e-06,1,0.0
912,2,4,1e-06,2,0.0
913,39,4,1e-06,3,0.0
914,2,4,1e-06,4,0.0
915,1,4,1e-06,5,0.0
916,7,4,1e-06,6,0.0
917,14,4,1e-06,7,0.0
918,53,4,1e-06,8,0.0
919,53,4,1e-06,9,0.0
920,60,4,1e-06,10,0.0
921,218,4,1e-06,11,0.0
922,35,4,1e-06,12,0.0
923,0,4,1e-06,0,50.0
924,8,4,1e-06,1,50.0
925,4,4,1e-06,2,50.0
926,8,4,1e-06,3,50.0
927,23,4,1e-06,4,50.0
928,14,4,1e-06,5,50.0
929,5,4,1e-06,6,50.0
930,32,4,1e-06,7,50.0
931,90,4,1e-06,8,50.0
932,2,4,1e-06,9,50.0
933,36,4,1e-06,10,50.0
934,136,4,1e-06,11,50.0
935,23,4,1e-06,12,50.0
936,0,4,1e-06,0,100.0
937,84,4,1e-06,1,100.0
938,9,4,1e-06,2,100.0
939,4,4,1e-06,3,100.0
940,17,4,1e-06,4,100.0
941,10,4,1e-06,5,100.0
942,161,4,1e-06,6,100.0
943,98,4,1e-06,7,100.0
944,221,4,1e-06,8,100.0
945,22,4,1e-06,9,100.0
946,77,4,1e-06,10,100.0
947,97,4,1e-06,11,100.0
948,34,4,1e-06,12,100.0
949,332,4,1e-06,13,100.0
950,440,4,1e-06,14,100.0
951,107,4,1e-06,15,100.0
952,306,4,1e-06,16,100.0
953,1283,4,1e-06,17,100.0
954,300,4,1e-06,18,100.0
955,0,4,5e-06,0,0.0
956,8,4,5e-06,1,0.0
957,4,4,5e-06,2,0.0
958,4,4,5e-06,3,0.0
959,1,4,5e-06,4,0.0
960,6,4,5e-06,5,0.0
961,9,4,5e-06,6,0.0
962,15,4,5e-06,7,0.0
963,14,4,5e-06,8,0.0
964,1,4,5e-06,9,0.0
965,21,4,5e-06,10,0.0
966,14,4,5e-06,11,0.0
967,15,4,5e-06,12,0.0
968,2,4,5e-06,13,0.0
969,10,4,5e-06,14,0.0
970,54,4,5e-06,15,0.0
971,78,4,5e-06,16,0.0
972,39,4,5e-06,17,0.0
973,2,4,5e-06,18,0.0
974,12,4,5e-06,19,0.0
975,80,4,5e-06,20,0.0
976,7,4,5e-06,21,0.0
977,32,4,5e-06,22,0.0
978,38,4,5e-06,23,0.0
979,33,4,5e-06,24,0.0
980,0,4,5e-06,0,50.0
981,1,4,5e-06,1,50.0
982,4,4,5e-06,2,50.0
983,12,4,5e-06,3,50.0
984,6,4,5e-06,4,50.0
985,7,4,5e-06,5,50.0
986,1,4,5e-06,6,50.0
987,11,4,5e-06,7,50.0
988,5,4,5e-06,8,50.0
989,21,4,5e-06,9,50.0
990,10,4,5e-06,10,50.0
991,25,4,5e-06,11,50.0
992,8,4,5e-06,12,50.0
993,8,4,5e-06,13,50.0
994,1,4,5e-06,14,50.0
995,4,4,5e-06,15,50.0
996,8,4,5e-06,16,50.0
997,17,4,5e-06,17,50.0
998,21,4,5e-06,18,50.0
999,21,4,5e-06,19,50.0
1000,23,4,5e-06,20,50.0
1001,14,4,5e-06,21,50.0
1002,6,4,5e-06,22,50.0
1003,1,4,5e-06,23,50.0
1004,42,4,5e-06,24,50.0
1005,63,4,5e-06,25,50.0
1006,21,4,5e-06,26,50.0
1007,1,4,5e-06,27,50.0
1008,19,4,5e-06,28,50.0
1009,0,4,5e-06,0,100.0
1010,15,4,5e-06,1,100.0
1011,84,4,5e-06,2,100.0
1012,2,4,5e-06,3,100.0
1013,1,4,5e-06,4,100.0
1014,9,4,5e-06,5,100.0
1015,45,4,5e-06,6,100.0
1016,9,4,5e-06,7,100.0
1017,13,4,5e-06,8,100.0
1018,44,4,5e-06,9,100.0
1019,15,4,5e-06,10,100.0
1020,4,4,5e-06,11,100.0
1021,54,4,5e-06,12,100.0
1022,4,4,5e-06,13,100.0
1023,50,4,5e-06,14,100.0
1024,70,4,5e-06,15,100.0
1025,80,4,5e-06,16,100.0
1026,53,4,5e-06,17,100.0
1027,24,4,5e-06,18,100.0
1028,1,4,5e-06,19,100.0
1029,77,4,5e-06,20,100.0
1030,275,4,5e-06,21,100.0
1031,20,4,5e-06,22,100.0
1032,183,4,5e-06,23,100.0
1033,85,4,5e-06,24,100.0
1034,17,4,5e-06,25,100.0
1035,54,4,5e-06,26,100.0
1036,60,4,5e-06,27,100.0
1037,42,4,5e-06,28,100.0
1038,10,4,5e-06,29,100.0
1039,161,4,5e-06,30,100.0
1040,26,4,5e-06,31,100.0
1041,13,4,5e-06,32,100.0
1042,176,4,5e-06,33,100.0
1043,353,4,5e-06,34,100.0
1044,221,4,5e-06,35,100.0
1045,22,4,5e-06,36,100.0
1046,11,4,5e-06,37,100.0
1047,78,4,5e-06,38,100.0
1048,13,4,5e-06,39,100.0
1049,66,4,5e-06,40,100.0
1050,259,4,5e-06,41,100.0
1051,95,4,5e-06,42,100.0
1052,87,4,5e-06,43,100.0
1053,279,4,5e-06,44,100.0
1054,52,4,5e-06,45,100.0
1055,290,4,5e-06,46,100.0
1056,0,4,1e-05,0,0.0
1057,8,4,1e-05,1,0.0
1058,5,4,1e-05,2,0.0
1059,4,4,1e-05,3,0.0
1060,4,4,1e-05,4,0.0
1061,1,4,1e-05,5,0.0
1062,1,4,1e-05,6,0.0
1063,19,4,1e-05,7,0.0
1064,9,4,1e-05,8,0.0
1065,25,4,1e-05,9,0.0
1066,31,4,1e-05,10,0.0
1067,15,4,1e-05,11,0.0
1068,14,4,1e-05,12,0.0
1069,23,4,1e-05,13,0.0
1070,2,4,1e-05,14,0.0
1071,1,4,1e-05,15,0.0
1072,21,4,1e-05,16,0.0
1073,14,4,1e-05,17,0.0
1074,13,4,1e-05,18,0.0
1075,15,4,1e-05,19,0.0
1076,38,4,1e-05,20,0.0
1077,7,4,1e-05,21,0.0
1078,12,4,1e-05,22,0.0
1079,10,4,1e-05,23,0.0
1080,53,4,1e-05,24,0.0
1081,32,4,1e-05,25,0.0
1082,39,4,1e-05,26,0.0
1083,2,4,1e-05,27,0.0
1084,80,4,1e-05,28,0.0
1085,1,4,1e-05,29,0.0
1086,0,4,1e-05,0,50.0
1087,1,4,1e-05,1,50.0
1088,8,4,1e-05,2,50.0
1089,1,4,1e-05,3,50.0
1090,4,4,1e-05,4,50.0
1091,12,4,1e-05,5,50.0
1092,6,4,1e-05,6,50.0
1093,6,4,1e-05,7,50.0
1094,1,4,1e-05,8,50.0
1095,8,4,1e-05,9,50.0
1096,7,4,1e-05,10,50.0
1097,11,4,1e-05,11,50.0
1098,11,4,1e-05,12,50.0
1099,10,4,1e-05,13,50.0
1100,8,4,1e-05,14,50.0
1101,5,4,1e-05,15,50.0
1102,21,4,1e-05,16,50.0
1103,2,4,1e-05,17,50.0
1104,10,4,1e-05,18,50.0
1105,17,4,1e-05,19,50.0
1106,25,4,1e-05,20,50.0
1107,8,4,1e-05,21,50.0
1108,1,4,1e-05,22,50.0
1109,1,4,1e-05,23,50.0
1110,21,4,1e-05,24,50.0
1111,1,4,1e-05,25,50.0
1112,4,4,1e-05,26,50.0
1113,17,4,1e-05,27,50.0
1114,13,4,1e-05,28,50.0
1115,55,4,1e-05,29,50.0
1116,23,4,1e-05,30,50.0
1117,14,4,1e-05,31,50.0
1118,6,4,1e-05,32,50.0
1119,42,4,1e-05,33,50.0
1120,1,4,1e-05,34,50.0
1121,0,4,1e-05,0,100.0
1122,2,4,1e-05,1,100.0
1123,15,4,1e-05,2,100.0
1124,84,4,1e-05,3,100.0
1125,2,4,1e-05,4,100.0
1126,1,4,1e-05,5,100.0
1127,19,4,1e-05,6,100.0
1128,9,4,1e-05,7,100.0
1129,45,4,1e-05,8,100.0
1130,5,4,1e-05,9,100.0
1131,9,4,1e-05,10,100.0
1132,13,4,1e-05,11,100.0
1133,8,4,1e-05,12,100.0
1134,44,4,1e-05,13,100.0
1135,27,4,1e-05,14,100.0
1136,16,4,1e-05,15,100.0
1137,15,4,1e-05,16,100.0
1138,4,4,1e-05,17,100.0
1139,54,4,1e-05,18,100.0
1140,4,4,1e-05,19,100.0
1141,50,4,1e-05,20,100.0
1142,54,4,1e-05,21,100.0
1143,103,4,1e-05,22,100.0
1144,80,4,1e-05,23,100.0
1145,42,4,1e-05,24,100.0
1146,28,4,1e-05,25,100.0
1147,60,4,1e-05,26,100.0
1148,53,4,1e-05,27,100.0
1149,5,4,1e-05,28,100.0
1150,24,4,1e-05,29,100.0
1151,93,4,1e-05,30,100.0
1152,1,4,1e-05,31,100.0
1153,134,4,1e-05,32,100.0
1154,5,4,1e-05,33,100.0
1155,77,4,1e-05,34,100.0
1156,275,4,1e-05,35,100.0
1157,8,4,1e-05,36,100.0
1158,20,4,1e-05,37,100.0
1159,128,4,1e-05,38,100.0
1160,183,4,1e-05,39,100.0
1161,85,4,1e-05,40,100.0
1162,17,4,1e-05,41,100.0
1163,54,4,1e-05,42,100.0
1164,32,4,1e-05,43,100.0
1165,42,4,1e-05,44,100.0
1166,11,4,1e-05,45,100.0
1167,230,4,1e-05,46,100.0
1168,95,4,1e-05,47,100.0
1169,58,4,1e-05,48,100.0
1170,10,4,1e-05,49,100.0
1171,27,4,1e-05,50,100.0
1172,26,4,1e-05,51,100.0
1173,13,4,1e-05,52,100.0
1174,21,4,1e-05,53,100.0
1175,311,4,1e-05,54,100.0
1176,60,4,1e-05,55,100.0
1177,221,4,1e-05,56,100.0
1178,17,4,1e-05,57,100.0
1179,78,4,1e-05,58,100.0
1180,8,4,1e-05,59,100.0
1181,259,4,1e-05,60,100.0
1182,30,4,1e-05,61,100.0
1183,52,4,1e-05,62,100.0
1184,46,4,1e-05,63,100.0
1185,0,5,1e-06,0,0.0
1186,1,5,1e-06,1,0.0
1187,4,5,1e-06,2,0.0
1188,6,5,1e-06,3,0.0
1189,8,5,1e-06,4,0.0
1190,12,5,1e-06,5,0.0
1191,4,5,1e-06,6,0.0
1192,10,5,1e-06,7,0.0
1193,15,5,1e-06,8,0.0
1194,12,5,1e-06,9,0.0
1195,1,5,1e-06,10,0.0
1196,71,5,1e-06,11,0.0
1197,50,5,1e-06,12,0.0
1198,16,5,1e-06,13,0.0
1199,29,5,1e-06,14,0.0
1200,260,5,1e-06,15,0.0
1201,0,5,1e-06,0,50.0
1202,2,5,1e-06,1,50.0
1203,6,5,1e-06,2,50.0
1204,7,5,1e-06,3,50.0
1205,11,5,1e-06,4,50.0
1206,6,5,1e-06,5,50.0
1207,4,5,1e-06,6,50.0
1208,27,5,1e-06,7,50.0
1209,5,5,1e-06,8,50.0
1210,3,5,1e-06,9,50.0
1211,12,5,1e-06,10,50.0
1212,55,5,1e-06,11,50.0
1213,27,5,1e-06,12,50.0
1214,9,5,1e-06,13,50.0
1215,207,5,1e-06,14,50.0
1216,0,5,1e-06,0,100.0
1217,13,5,1e-06,1,100.0
1218,10,5,1e-06,2,100.0
1219,25,5,1e-06,3,100.0
1220,1,5,1e-06,4,100.0
1221,1,5,1e-06,5,100.0
1222,14,5,1e-06,6,100.0
1223,22,5,1e-06,7,100.0
1224,23,5,1e-06,8,100.0
1225,105,5,1e-06,9,100.0
1226,1,5,1e-06,10,100.0
1227,13,5,1e-06,11,100.0
1228,79,5,1e-06,12,100.0
1229,80,5,1e-06,13,100.0
1230,93,5,1e-06,14,100.0
1231,219,5,1e-06,15,100.0
1232,103,5,1e-06,16,100.0
1233,345,5,1e-06,17,100.0
1234,285,5,1e-06,18,100.0
1235,229,5,1e-06,19,100.0
1236,199,5,1e-06,20,100.0
1237,1742,5,1e-06,21,100.0
1238,0,5,5e-06,0,0.0
1239,1,5,5e-06,1,0.0
1240,4,5,5e-06,2,0.0
1241,1,5,5e-06,3,0.0
1242,1,5,5e-06,4,0.0
1243,4,5,5e-06,5,0.0
1244,4,5,5e-06,6,0.0
1245,6,5,5e-06,7,0.0
1246,8,5,5e-06,8,0.0
1247,3,5,5e-06,9,0.0
1248,7,5,5e-06,10,0.0
1249,12,5,5e-06,11,0.0
1250,1,5,5e-06,12,0.0
1251,17,5,5e-06,13,0.0
1252,1,5,5e-06,14,0.0
1253,26,5,5e-06,15,0.0
1254,21,5,5e-06,16,0.0
1255,29,5,5e-06,17,0.0
1256,10,5,5e-06,18,0.0
1257,8,5,5e-06,19,0.0
1258,49,5,5e-06,20,0.0
1259,35,5,5e-06,21,0.0
1260,15,5,5e-06,22,0.0
1261,77,5,5e-06,23,0.0
1262,12,5,5e-06,24,0.0
1263,8,5,5e-06,25,0.0
1264,24,5,5e-06,26,0.0
1265,50,5,5e-06,27,0.0
1266,1,5,5e-06,28,0.0
1267,19,5,5e-06,29,0.0
1268,37,5,5e-06,30,0.0
1269,5,5,5e-06,31,0.0
1270,3,5,5e-06,32,0.0
1271,0,5,5e-06,0,50.0
1272,2,5,5e-06,1,50.0
1273,6,5,5e-06,2,50.0
1274,3,5,5e-06,3,50.0
1275,3,5,5e-06,4,50.0
1276,6,5,5e-06,5,50.0
1277,7,5,5e-06,6,50.0
1278,8,5,5e-06,7,50.0
1279,4,5,5e-06,8,50.0
1280,11,5,5e-06,9,50.0
1281,1,5,5e-06,10,50.0
1282,15,5,5e-06,11,50.0
1283,8,5,5e-06,12,50.0
1284,6,5,5e-06,13,50.0
1285,25,5,5e-06,14,50.0
1286,16,5,5e-06,15,50.0
1287,4,5,5e-06,16,50.0
1288,4,5,5e-06,17,50.0
1289,4,5,5e-06,18,50.0
1290,49,5,5e-06,19,50.0
1291,27,5,5e-06,20,50.0
1292,47,5,5e-06,21,50.0
1293,5,5,5e-06,22,50.0
1294,23,5,5e-06,23,50.0
1295,18,5,5e-06,24,50.0
1296,55,5,5e-06,25,50.0
1297,2,5,5e-06,26,50.0
1298,7,5,5e-06,27,50.0
1299,11,5,5e-06,28,50.0
1300,1,5,5e-06,29,50.0
1301,3,5,5e-06,30,50.0
1302,0,5,5e-06,0,100.0
1303,3,5,5e-06,1,100.0
1304,1,5,5e-06,2,100.0
1305,1,5,5e-06,3,100.0
1306,13,5,5e-06,4,100.0
1307,4,5,5e-06,5,100.0
1308,2,5,5e-06,6,100.0
1309,2,5,5e-06,7,100.0
1310,10,5,5e-06,8,100.0
1311,25,5,5e-06,9,100.0
1312,1,5,5e-06,10,100.0
1313,103,5,5e-06,11,100.0
1314,3,5,5e-06,12,100.0
1315,29,5,5e-06,13,100.0
1316,1,5,5e-06,14,100.0
1317,45,5,5e-06,15,100.0
1318,14,5,5e-06,16,100.0
1319,22,5,5e-06,17,100.0
1320,23,5,5e-06,18,100.0
1321,16,5,5e-06,19,100.0
1322,136,5,5e-06,20,100.0
1323,105,5,5e-06,21,100.0
1324,1,5,5e-06,22,100.0
1325,49,5,5e-06,23,100.0
1326,17,5,5e-06,24,100.0
1327,21,5,5e-06,25,100.0
1328,13,5,5e-06,26,100.0
1329,89,5,5e-06,27,100.0
1330,9,5,5e-06,28,100.0
1331,40,5,5e-06,29,100.0
1332,99,5,5e-06,30,100.0
1333,8,5,5e-06,31,100.0
1334,34,5,5e-06,32,100.0
1335,193,5,5e-06,33,100.0
1336,80,5,5e-06,34,100.0
1337,130,5,5e-06,35,100.0
1338,129,5,5e-06,36,100.0
1339,431,5,5e-06,37,100.0
1340,84,5,5e-06,38,100.0
1341,317,5,5e-06,39,100.0
1342,219,5,5e-06,40,100.0
1343,99,5,5e-06,41,100.0
1344,123,5,5e-06,42,100.0
1345,283,5,5e-06,43,100.0
1346,25,5,5e-06,44,100.0
1347,101,5,5e-06,45,100.0
1348,196,5,5e-06,46,100.0
1349,2,5,5e-06,47,100.0
1350,109,5,5e-06,48,100.0
1351,42,5,5e-06,49,100.0
1352,100,5,5e-06,50,100.0
1353,0,5,1e-05,0,0.0
1354,1,5,1e-05,1,0.0
1355,4,5,1e-05,2,0.0
1356,1,5,1e-05,3,0.0
1357,1,5,1e-05,4,0.0
1358,1,5,1e-05,5,0.0
1359,4,5,1e-05,6,0.0
1360,4,5,1e-05,7,0.0
1361,6,5,1e-05,8,0.0
1362,8,5,1e-05,9,0.0
1363,2,5,1e-05,10,0.0
1364,3,5,1e-05,11,0.0
1365,7,5,1e-05,12,0.0
1366,12,5,1e-05,13,0.0
1367,37,5,1e-05,14,0.0
1368,15,5,1e-05,15,0.0
1369,1,5,1e-05,16,0.0
1370,17,5,1e-05,17,0.0
1371,1,5,1e-05,18,0.0
1372,26,5,1e-05,19,0.0
1373,21,5,1e-05,20,0.0
1374,77,5,1e-05,21,0.0
1375,29,5,1e-05,22,0.0
1376,10,5,1e-05,23,0.0
1377,8,5,1e-05,24,0.0
1378,49,5,1e-05,25,0.0
1379,35,5,1e-05,26,0.0
1380,12,5,1e-05,27,0.0
1381,8,5,1e-05,28,0.0
1382,24,5,1e-05,29,0.0
1383,50,5,1e-05,30,0.0
1384,5,5,1e-05,31,0.0
1385,1,5,1e-05,32,0.0
1386,19,5,1e-05,33,0.0
1387,0,5,1e-05,0,50.0
1388,2,5,1e-05,1,50.0
1389,2,5,1e-05,2,50.0
1390,6,5,1e-05,3,50.0
1391,3,5,1e-05,4,50.0
1392,7,5,1e-05,5,50.0
1393,3,5,1e-05,6,50.0
1394,6,5,1e-05,7,50.0
1395,7,5,1e-05,8,50.0
1396,2,5,1e-05,9,50.0
1397,8,5,1e-05,10,50.0
1398,4,5,1e-05,11,50.0
1399,11,5,1e-05,12,50.0
1400,6,5,1e-05,13,50.0
1401,27,5,1e-05,14,50.0
1402,1,5,1e-05,15,50.0
1403,15,5,1e-05,16,50.0
1404,8,5,1e-05,17,50.0
1405,6,5,1e-05,18,50.0
1406,25,5,1e-05,19,50.0
1407,45,5,1e-05,20,50.0
1408,16,5,1e-05,21,50.0
1409,4,5,1e-05,22,50.0
1410,4,5,1e-05,23,50.0
1411,4,5,1e-05,24,50.0
1412,49,5,1e-05,25,50.0
1413,3,5,1e-05,26,50.0
1414,23,5,1e-05,27,50.0
1415,18,5,1e-05,28,50.0
1416,48,5,1e-05,29,50.0
1417,1,5,1e-05,30,50.0
1418,7,5,1e-05,31,50.0
1419,2,5,1e-05,32,50.0
1420,3,5,1e-05,33,50.0
1421,5,5,1e-05,34,50.0
1422,0,5,1e-05,0,100.0
1423,2,5,1e-05,1,100.0
1424,2,5,1e-05,2,100.0
1425,3,5,1e-05,3,100.0
1426,1,5,1e-05,4,100.0
1427,1,5,1e-05,5,100.0
1428,1,5,1e-05,6,100.0
1429,1,5,1e-05,7,100.0
1430,13,5,1e-05,8,100.0
1431,27,5,1e-05,9,100.0
1432,7,5,1e-05,10,100.0
1433,6,5,1e-05,11,100.0
1434,4,5,1e-05,12,100.0
1435,2,5,1e-05,13,100.0
1436,5,5,1e-05,14,100.0
1437,2,5,1e-05,15,100.0
1438,13,5,1e-05,16,100.0
1439,4,5,1e-05,17,100.0
1440,10,5,1e-05,18,100.0
1441,11,5,1e-05,19,100.0
1442,12,5,1e-05,20,100.0
1443,25,5,1e-05,21,100.0
1444,1,5,1e-05,22,100.0
1445,103,5,1e-05,23,100.0
1446,19,5,1e-05,24,100.0
1447,3,5,1e-05,25,100.0
1448,14,5,1e-05,26,100.0
1449,29,5,1e-05,27,100.0
1450,1,5,1e-05,28,100.0
1451,43,5,1e-05,29,100.0
1452,14,5,1e-05,30,100.0
1453,22,5,1e-05,31,100.0
1454,38,5,1e-05,32,100.0
1455,57,5,1e-05,33,100.0
1456,23,5,1e-05,34,100.0
1457,16,5,1e-05,35,100.0
1458,136,5,1e-05,36,100.0
1459,105,5,1e-05,37,100.0
1460,101,5,1e-05,38,100.0
1461,84,5,1e-05,39,100.0
1462,49,5,1e-05,40,100.0
1463,17,5,1e-05,41,100.0
1464,4,5,1e-05,42,100.0
1465,21,5,1e-05,43,100.0
1466,13,5,1e-05,44,100.0
1467,76,5,1e-05,45,100.0
1468,5,5,1e-05,46,100.0
1469,40,5,1e-05,47,100.0
1470,99,5,1e-05,48,100.0
1471,2,5,1e-05,49,100.0
1472,310,5,1e-05,50,100.0
1473,34,5,1e-05,51,100.0
1474,193,5,1e-05,52,100.0
1475,80,5,1e-05,53,100.0
1476,130,5,1e-05,54,100.0
1477,129,5,1e-05,55,100.0
1478,419,5,1e-05,56,100.0
1479,181,5,1e-05,57,100.0
1480,94,5,1e-05,58,100.0
1481,123,5,1e-05,59,100.0
1482,269,5,1e-05,60,100.0
1483,11,5,1e-05,61,100.0
1484,101,5,1e-05,62,100.0
1485,25,5,1e-05,63,100.0
1486,31,5,1e-05,64,100.0
1487,177,5,1e-05,65,100.0
1488,8,5,1e-05,66,100.0
1489,0,6,1e-06,0,0.0
1490,4,6,1e-06,1,0.0
1491,1,6,1e-06,2,0.0
1492,2,6,1e-06,3,0.0
1493,3,6,1e-06,4,0.0
1494,1,6,1e-06,5,0.0
1495,4,6,1e-06,6,0.0
1496,40,6,1e-06,7,0.0
1497,17,6,1e-06,8,0.0
1498,47,6,1e-06,9,0.0
1499,3,6,1e-06,10,0.0
1500,51,6,1e-06,11,0.0
1501,258,6,1e-06,12,0.0
1502,68,6,1e-06,13,0.0
1503,0,6,1e-06,0,50.0
1504,35,6,1e-06,1,50.0
1505,1,6,1e-06,2,50.0
1506,6,6,1e-06,3,50.0
1507,2,6,1e-06,4,50.0
1508,4,6,1e-06,5,50.0
1509,4,6,1e-06,6,50.0
1510,10,6,1e-06,7,50.0
1511,3,6,1e-06,8,50.0
1512,63,6,1e-06,9,50.0
1513,4,6,1e-06,10,50.0
1514,5,6,1e-06,11,50.0
1515,32,6,1e-06,12,50.0
1516,159,6,1e-06,13,50.0
1517,53,6,1e-06,14,50.0
1518,0,6,1e-06,0,100.0
1519,12,6,1e-06,1,100.0
1520,4,6,1e-06,2,100.0
1521,14,6,1e-06,3,100.0
1522,3,6,1e-06,4,100.0
1523,21,6,1e-06,5,100.0
1524,4,6,1e-06,6,100.0
1525,13,6,1e-06,7,100.0
1526,40,6,1e-06,8,100.0
1527,72,6,1e-06,9,100.0
1528,56,6,1e-06,10,100.0
1529,111,6,1e-06,11,100.0
1530,56,6,1e-06,12,100.0
1531,21,6,1e-06,13,100.0
1532,265,6,1e-06,14,100.0
1533,89,6,1e-06,15,100.0
1534,382,6,1e-06,16,100.0
1535,105,6,1e-06,17,100.0
1536,89,6,1e-06,18,100.0
1537,395,6,1e-06,19,100.0
1538,1417,6,1e-06,20,100.0
1539,433,6,1e-06,21,100.0
1540,0,6,5e-06,0,0.0
1541,4,6,5e-06,1,0.0
1542,2,6,5e-06,2,0.0
1543,1,6,5e-06,3,0.0
1544,1,6,5e-06,4,0.0
1545,9,6,5e-06,5,0.0
1546,5,6,5e-06,6,0.0
1547,2,6,5e-06,7,0.0
1548,2,6,5e-06,8,0.0
1549,2,6,5e-06,9,0.0
1550,80,6,5e-06,10,0.0
1551,25,6,5e-06,11,0.0
1552,19,6,5e-06,12,0.0
1553,3,6,5e-06,13,0.0
1554,1,6,5e-06,14,0.0
1555,36,6,5e-06,15,0.0
1556,4,6,5e-06,16,0.0
1557,39,6,5e-06,17,0.0
1558,17,6,5e-06,18,0.0
1559,2,6,5e-06,19,0.0
1560,26,6,5e-06,20,0.0
1561,21,6,5e-06,21,0.0
1562,17,6,5e-06,22,0.0
1563,32,6,5e-06,23,0.0
1564,53,6,5e-06,24,0.0
1565,88,6,5e-06,25,0.0
1566,1,6,5e-06,26,0.0
1567,7,6,5e-06,27,0.0
1568,0,6,5e-06,0,50.0
1569,2,6,5e-06,1,50.0
1570,7,6,5e-06,2,50.0
1571,35,6,5e-06,3,50.0
1572,2,6,5e-06,4,50.0
1573,11,6,5e-06,5,50.0
1574,1,6,5e-06,6,50.0
1575,3,6,5e-06,7,50.0
1576,6,6,5e-06,8,50.0
1577,15,6,5e-06,9,50.0
1578,12,6,5e-06,10,50.0
1579,14,6,5e-06,11,50.0
1580,2,6,5e-06,12,50.0
1581,1,6,5e-06,13,50.0
1582,2,6,5e-06,14,50.0
1583,4,6,5e-06,15,50.0
1584,61,6,5e-06,16,50.0
1585,4,6,5e-06,17,50.0
1586,3,6,5e-06,18,50.0
1587,3,6,5e-06,19,50.0
1588,21,6,5e-06,20,50.0
1589,41,6,5e-06,21,50.0
1590,18,6,5e-06,22,50.0
1591,31,6,5e-06,23,50.0
1592,27,6,5e-06,24,50.0
1593,48,6,5e-06,25,50.0
1594,2,6,5e-06,26,50.0
1595,5,6,5e-06,27,50.0
1596,0,6,5e-06,0,100.0
1597,1,6,5e-06,1,100.0
1598,1,6,5e-06,2,100.0
1599,12,6,5e-06,3,100.0
1600,17,6,5e-06,4,100.0
1601,7,6,5e-06,5,100.0
1602,4,6,5e-06,6,100.0
1603,14,6,5e-06,7,100.0
1604,3,6,5e-06,8,100.0
1605,30,6,5e-06,9,100.0
1606,18,6,5e-06,10,100.0
1607,42,6,5e-06,11,100.0
1608,21,6,5e-06,12,100.0
1609,4,6,5e-06,13,100.0
1610,13,6,5e-06,14,100.0
1611,53,6,5e-06,15,100.0
1612,40,6,5e-06,16,100.0
1613,136,6,5e-06,17,100.0
1614,72,6,5e-06,18,100.0
1615,63,6,5e-06,19,100.0
1616,56,6,5e-06,20,100.0
1617,8,6,5e-06,21,100.0
1618,39,6,5e-06,22,100.0
1619,251,6,5e-06,23,100.0
1620,111,6,5e-06,24,100.0
1621,68,6,5e-06,25,100.0
1622,108,6,5e-06,26,100.0
1623,111,6,5e-06,27,100.0
1624,17,6,5e-06,28,100.0
1625,56,6,5e-06,29,100.0
1626,317,6,5e-06,30,100.0
1627,21,6,5e-06,31,100.0
1628,223,6,5e-06,32,100.0
1629,72,6,5e-06,33,100.0
1630,1,6,5e-06,34,100.0
1631,17,6,5e-06,35,100.0
1632,4,6,5e-06,36,100.0
1633,17,6,5e-06,37,100.0
1634,19,6,5e-06,38,100.0
1635,240,6,5e-06,39,100.0
1636,383,6,5e-06,40,100.0
1637,82,6,5e-06,41,100.0
1638,270,6,5e-06,42,100.0
1639,301,6,5e-06,43,100.0
1640,184,6,5e-06,44,100.0
1641,1,6,5e-06,45,100.0
1642,74,6,5e-06,46,100.0
1643,0,6,1e-05,0,0.0
1644,2,6,1e-05,1,0.0
1645,14,6,1e-05,2,0.0
1646,4,6,1e-05,3,0.0
1647,2,6,1e-05,4,0.0
1648,1,6,1e-05,5,0.0
1649,1,6,1e-05,6,0.0
1650,4,6,1e-05,7,0.0
1651,5,6,1e-05,8,0.0
1652,8,6,1e-05,9,0.0
1653,1,6,1e-05,10,0.0
1654,9,6,1e-05,11,0.0
1655,3,6,1e-05,12,0.0
1656,3,6,1e-05,13,0.0
1657,4,6,1e-05,14,0.0
1658,2,6,1e-05,15,0.0
1659,2,6,1e-05,16,0.0
1660,15,6,1e-05,17,0.0
1661,2,6,1e-05,18,0.0
1662,80,6,1e-05,19,0.0
1663,10,6,1e-05,20,0.0
1664,6,6,1e-05,21,0.0
1665,7,6,1e-05,22,0.0
1666,19,6,1e-05,23,0.0
1667,3,6,1e-05,24,0.0
1668,1,6,1e-05,25,0.0
1669,15,6,1e-05,26,0.0
1670,36,6,1e-05,27,0.0
1671,31,6,1e-05,28,0.0
1672,17,6,1e-05,29,0.0
1673,14,6,1e-05,30,0.0
1674,9,6,1e-05,31,0.0
1675,2,6,1e-05,32,0.0
1676,26,6,1e-05,33,0.0
1677,12,6,1e-05,34,0.0
1678,27,6,1e-05,35,0.0
1679,17,6,1e-05,36,0.0
1680,84,6,1e-05,37,0.0
1681,1,6,1e-05,38,0.0
1682,0,6,1e-05,0,50.0
1683,11,6,1e-05,1,50.0
1684,2,6,1e-05,2,50.0
1685,7,6,1e-05,3,50.0
1686,4,6,1e-05,4,50.0
1687,18,6,1e-05,5,50.0
1688,35,6,1e-05,6,50.0
1689,2,6,1e-05,7,50.0
1690,1,6,1e-05,8,50.0
1691,5,6,1e-05,9,50.0
1692,18,6,1e-05,10,50.0
1693,3,6,1e-05,11,50.0
1694,6,6,1e-05,12,50.0
1695,2,6,1e-05,13,50.0
1696,15,6,1e-05,14,50.0
1697,12,6,1e-05,15,50.0
1698,12,6,1e-05,16,50.0
1699,13,6,1e-05,17,50.0
1700,2,6,1e-05,18,50.0
1701,1,6,1e-05,19,50.0
1702,2,6,1e-05,20,50.0
1703,4,6,1e-05,21,50.0
1704,28,6,1e-05,22,50.0
1705,61,6,1e-05,23,50.0
1706,3,6,1e-05,24,50.0
1707,3,6,1e-05,25,50.0
1708,11,6,1e-05,26,50.0
1709,9,6,1e-05,27,50.0
1710,21,6,1e-05,28,50.0
1711,13,6,1e-05,29,50.0
1712,20,6,1e-05,30,50.0
1713,30,6,1e-05,31,50.0
1714,2,6,1e-05,32,50.0
1715,5,6,1e-05,33,50.0
1716,0,6,1e-05,0,100.0
1717,1,6,1e-05,1,100.0
1718,1,6,1e-05,2,100.0
1719,12,6,1e-05,3,100.0
1720,17,6,1e-05,4,100.0
1721,1,6,1e-05,5,100.0
1722,9,6,1e-05,6,100.0
1723,7,6,1e-05,7,100.0
1724,4,6,1e-05,8,100.0
1725,14,6,1e-05,9,100.0
1726,1,6,1e-05,10,100.0
1727,3,6,1e-05,11,100.0
1728,40,6,1e-05,12,100.0
1729,30,6,1e-05,13,100.0
1730,12,6,1e-05,14,100.0
1731,18,6,1e-05,15,100.0
1732,42,6,1e-05,16,100.0
1733,21,6,1e-05,17,100.0
1734,21,6,1e-05,18,100.0
1735,4,6,1e-05,19,100.0
1736,82,6,1e-05,20,100.0
1737,98,6,1e-05,21,100.0
1738,13,6,1e-05,22,100.0
1739,53,6,1e-05,23,100.0
1740,40,6,1e-05,24,100.0
1741,127,6,1e-05,25,100.0
1742,72,6,1e-05,26,100.0
1743,109,6,1e-05,27,100.0
1744,33,6,1e-05,28,100.0
1745,5,6,1e-05,29,100.0
1746,63,6,1e-05,30,100.0
1747,56,6,1e-05,31,100.0
1748,8,6,1e-05,32,100.0
1749,79,6,1e-05,33,100.0
1750,39,6,1e-05,34,100.0
1751,251,6,1e-05,35,100.0
1752,32,6,1e-05,36,100.0
1753,79,6,1e-05,37,100.0
1754,49,6,1e-05,38,100.0
1755,68,6,1e-05,39,100.0
1756,17,6,1e-05,40,100.0
1757,108,6,1e-05,41,100.0
1758,111,6,1e-05,42,100.0
1759,6,6,1e-05,43,100.0
1760,17,6,1e-05,44,100.0
1761,56,6,1e-05,45,100.0
1762,298,6,1e-05,46,100.0
1763,312,6,1e-05,47,100.0
1764,125,6,1e-05,48,100.0
1765,72,6,1e-05,49,100.0
1766,17,6,1e-05,50,100.0
1767,82,6,1e-05,51,100.0
1768,28,6,1e-05,52,100.0
1769,4,6,1e-05,53,100.0
1770,19,6,1e-05,54,100.0
1771,240,6,1e-05,55,100.0
1772,6,6,1e-05,56,100.0
1773,118,6,1e-05,57,100.0
1774,176,6,1e-05,58,100.0
1775,3,6,1e-05,59,100.0
1776,151,6,1e-05,60,100.0
1777,1,6,1e-05,61,100.0
1778,21,6,1e-05,62,100.0
1779,0,7,1e-06,0,0.0
1780,1,7,1e-06,1,0.0
1781,2,7,1e-06,2,0.0
1782,2,7,1e-06,3,0.0
1783,2,7,1e-06,4,0.0
1784,1,7,1e-06,5,0.0
1785,57,7,1e-06,6,0.0
1786,2,7,1e-06,7,0.0
1787,43,7,1e-06,8,0.0
1788,18,7,1e-06,9,0.0
1789,2,7,1e-06,10,0.0
1790,52,7,1e-06,11,0.0
1791,21,7,1e-06,12,0.0
1792,12,7,1e-06,13,0.0
1793,19,7,1e-06,14,0.0
1794,37,7,1e-06,15,0.0
1795,26,7,1e-06,16,0.0
1796,23,7,1e-06,17,0.0
1797,17,7,1e-06,18,0.0
1798,162,7,1e-06,19,0.0
1799,0,7,1e-06,0,50.0
1800,17,7,1e-06,1,50.0
1801,6,7,1e-06,2,50.0
1802,2,7,1e-06,3,50.0
1803,1,7,1e-06,4,50.0
1804,52,7,1e-06,5,50.0
1805,12,7,1e-06,6,50.0
1806,10,7,1e-06,7,50.0
1807,37,7,1e-06,8,50.0
1808,4,7,1e-06,9,50.0
1809,12,7,1e-06,10,50.0
1810,27,7,1e-06,11,50.0
1811,53,7,1e-06,12,50.0
1812,13,7,1e-06,13,50.0
1813,13,7,1e-06,14,50.0
1814,26,7,1e-06,15,50.0
1815,96,7,1e-06,16,50.0
1816,0,7,1e-06,0,100.0
1817,2,7,1e-06,1,100.0
1818,12,7,1e-06,2,100.0
1819,1,7,1e-06,3,100.0
1820,53,7,1e-06,4,100.0
1821,34,7,1e-06,5,100.0
1822,185,7,1e-06,6,100.0
1823,11,7,1e-06,7,100.0
1824,323,7,1e-06,8,100.0
1825,47,7,1e-06,9,100.0
1826,141,7,1e-06,10,100.0
1827,23,7,1e-06,11,100.0
1828,94,7,1e-06,12,100.0
1829,691,7,1e-06,13,100.0
1830,133,7,1e-06,14,100.0
1831,129,7,1e-06,15,100.0
1832,86,7,1e-06,16,100.0
1833,395,7,1e-06,17,100.0
1834,285,7,1e-06,18,100.0
1835,263,7,1e-06,19,100.0
1836,187,7,1e-06,20,100.0
1837,507,7,1e-06,21,100.0
1838,0,7,5e-06,0,0.0
1839,1,7,5e-06,1,0.0
1840,1,7,5e-06,2,0.0
1841,1,7,5e-06,3,0.0
1842,23,7,5e-06,4,0.0
1843,2,7,5e-06,5,0.0
1844,2,7,5e-06,6,0.0
1845,10,7,5e-06,7,0.0
1846,2,7,5e-06,8,0.0
1847,12,7,5e-06,9,0.0
1848,6,7,5e-06,10,0.0
1849,1,7,5e-06,11,0.0
1850,26,7,5e-06,12,0.0
1851,14,7,5e-06,13,0.0
1852,2,7,5e-06,14,0.0
1853,1,7,5e-06,15,0.0
1854,57,7,5e-06,16,0.0
1855,43,7,5e-06,17,0.0
1856,13,7,5e-06,18,0.0
1857,17,7,5e-06,19,0.0
1858,21,7,5e-06,20,0.0
1859,36,7,5e-06,21,0.0
1860,3,7,5e-06,22,0.0
1861,29,7,5e-06,23,0.0
1862,1,7,5e-06,24,0.0
1863,5,7,5e-06,25,0.0
1864,16,7,5e-06,26,0.0
1865,1,7,5e-06,27,0.0
1866,17,7,5e-06,28,0.0
1867,63,7,5e-06,29,0.0
1868,15,7,5e-06,30,0.0
1869,2,7,5e-06,31,0.0
1870,25,7,5e-06,32,0.0
1871,12,7,5e-06,33,0.0
1872,6,7,5e-06,34,0.0
1873,13,7,5e-06,35,0.0
1874,0,7,5e-06,0,50.0
1875,1,7,5e-06,1,50.0
1876,5,7,5e-06,2,50.0
1877,4,7,5e-06,3,50.0
1878,6,7,5e-06,4,50.0
1879,2,7,5e-06,5,50.0
1880,2,7,5e-06,6,50.0
1881,17,7,5e-06,7,50.0
1882,4,7,5e-06,8,50.0
1883,3,7,5e-06,9,50.0
1884,12,7,5e-06,10,50.0
1885,1,7,5e-06,11,50.0
1886,4,7,5e-06,12,50.0
1887,10,7,5e-06,13,50.0
1888,2,7,5e-06,14,50.0
1889,1,7,5e-06,15,50.0
1890,52,7,5e-06,16,50.0
1891,5,7,5e-06,17,50.0
1892,27,7,5e-06,18,50.0
1893,4,7,5e-06,19,50.0
1894,43,7,5e-06,20,50.0
1895,12,7,5e-06,21,50.0
1896,19,7,5e-06,22,50.0
1897,7,7,5e-06,23,50.0
1898,15,7,5e-06,24,50.0
1899,5,7,5e-06,25,50.0
1900,6,7,5e-06,26,50.0
1901,30,7,5e-06,27,50.0
1902,24,7,5e-06,28,50.0
1903,3,7,5e-06,29,50.0
1904,10,7,5e-06,30,50.0
1905,25,7,5e-06,31,50.0
1906,6,7,5e-06,32,50.0
1907,13,7,5e-06,33,50.0
1908,1,7,5e-06,34,50.0
1909,0,7,5e-06,0,100.0
1910,4,7,5e-06,1,100.0
1911,9,7,5e-06,2,100.0
1912,3,7,5e-06,3,100.0
1913,3,7,5e-06,4,100.0
1914,2,7,5e-06,5,100.0
1915,12,7,5e-06,6,100.0
1916,25,7,5e-06,7,100.0
1917,1,7,5e-06,8,100.0
1918,26,7,5e-06,9,100.0
1919,13,7,5e-06,10,100.0
1920,3,7,5e-06,11,100.0
1921,22,7,5e-06,12,100.0
1922,14,7,5e-06,13,100.0
1923,24,7,5e-06,14,100.0
1924,40,7,5e-06,15,100.0
1925,20,7,5e-06,16,100.0
1926,26,7,5e-06,17,100.0
1927,5,7,5e-06,18,100.0
1928,21,7,5e-06,19,100.0
1929,53,7,5e-06,20,100.0
1930,29,7,5e-06,21,100.0
1931,31,7,5e-06,22,100.0
1932,28,7,5e-06,23,100.0
1933,117,7,5e-06,24,100.0
1934,27,7,5e-06,25,100.0
1935,39,7,5e-06,26,100.0
1936,56,7,5e-06,27,100.0
1937,10,7,5e-06,28,100.0
1938,2,7,5e-06,29,100.0
1939,96,7,5e-06,30,100.0
1940,29,7,5e-06,31,100.0
1941,147,7,5e-06,32,100.0
1942,11,7,5e-06,33,100.0
1943,323,7,5e-06,34,100.0
1944,97,7,5e-06,35,100.0
1945,30,7,5e-06,36,100.0
1946,8,7,5e-06,37,100.0
1947,65,7,5e-06,38,100.0
1948,64,7,5e-06,39,100.0
1949,232,7,5e-06,40,100.0
1950,69,7,5e-06,41,100.0
1951,288,7,5e-06,42,100.0
1952,25,7,5e-06,43,100.0
1953,44,7,5e-06,44,100.0
1954,15,7,5e-06,45,100.0
1955,195,7,5e-06,46,100.0
1956,94,7,5e-06,47,100.0
1957,159,7,5e-06,48,100.0
1958,36,7,5e-06,49,100.0
1959,82,7,5e-06,50,100.0
1960,135,7,5e-06,51,100.0
1961,69,7,5e-06,52,100.0
1962,12,7,5e-06,53,100.0
1963,21,7,5e-06,54,100.0
1964,197,7,5e-06,55,100.0
1965,201,7,5e-06,56,100.0
1966,65,7,5e-06,57,100.0
1967,69,7,5e-06,58,100.0
1968,59,7,5e-06,59,100.0
1969,0,7,1e-05,0,0.0
1970,1,7,1e-05,1,0.0
1971,1,7,1e-05,2,0.0
1972,1,7,1e-05,3,0.0
1973,1,7,1e-05,4,0.0
1974,5,7,1e-05,5,0.0
1975,23,7,1e-05,6,0.0
1976,2,7,1e-05,7,0.0
1977,2,7,1e-05,8,0.0
1978,1,7,1e-05,9,0.0
1979,10,7,1e-05,10,0.0
1980,6,7,1e-05,11,0.0
1981,2,7,1e-05,12,0.0
1982,3,7,1e-05,13,0.0
1983,12,7,1e-05,14,0.0
1984,1,7,1e-05,15,0.0
1985,13,7,1e-05,16,0.0
1986,6,7,1e-05,17,0.0
1987,3,7,1e-05,18,0.0
1988,1,7,1e-05,19,0.0
1989,26,7,1e-05,20,0.0
1990,15,7,1e-05,21,0.0
1991,14,7,1e-05,22,0.0
1992,2,7,1e-05,23,0.0
1993,1,7,1e-05,24,0.0
1994,57,7,1e-05,25,0.0
1995,43,7,1e-05,26,0.0
1996,13,7,1e-05,27,0.0
1997,17,7,1e-05,28,0.0
1998,21,7,1e-05,29,0.0
1999,35,7,1e-05,30,0.0
2000,29,7,1e-05,31,0.0
2001,9,7,1e-05,32,0.0
2002,1,7,1e-05,33,0.0
2003,16,7,1e-05,34,0.0
2004,3,7,1e-05,35,0.0
2005,16,7,1e-05,36,0.0
2006,63,7,1e-05,37,0.0
2007,2,7,1e-05,38,0.0
2008,22,7,1e-05,39,0.0
2009,0,7,1e-05,0,50.0
2010,1,7,1e-05,1,50.0
2011,9,7,1e-05,2,50.0
2012,5,7,1e-05,3,50.0
2013,14,7,1e-05,4,50.0
2014,4,7,1e-05,5,50.0
2015,6,7,1e-05,6,50.0
2016,1,7,1e-05,7,50.0
2017,2,7,1e-05,8,50.0
2018,3,7,1e-05,9,50.0
2019,2,7,1e-05,10,50.0
2020,2,7,1e-05,11,50.0
2021,6,7,1e-05,12,50.0
2022,17,7,1e-05,13,50.0
2023,10,7,1e-05,14,50.0
2024,4,7,1e-05,15,50.0
2025,3,7,1e-05,16,50.0
2026,12,7,1e-05,17,50.0
2027,4,7,1e-05,18,50.0
2028,1,7,1e-05,19,50.0
2029,1,7,1e-05,20,50.0
2030,6,7,1e-05,21,50.0
2031,4,7,1e-05,22,50.0
2032,10,7,1e-05,23,50.0
2033,10,7,1e-05,24,50.0
2034,2,7,1e-05,25,50.0
2035,1,7,1e-05,26,50.0
2036,52,7,1e-05,27,50.0
2037,5,7,1e-05,28,50.0
2038,27,7,1e-05,29,50.0
2039,4,7,1e-05,30,50.0
2040,43,7,1e-05,31,50.0
2041,2,7,1e-05,32,50.0
2042,2,7,1e-05,33,50.0
2043,19,7,1e-05,34,50.0
2044,18,7,1e-05,35,50.0
2045,7,7,1e-05,36,50.0
2046,15,7,1e-05,37,50.0
2047,5,7,1e-05,38,50.0
2048,3,7,1e-05,39,50.0
2049,30,7,1e-05,40,50.0
2050,3,7,1e-05,41,50.0
2051,3,7,1e-05,42,50.0
2052,2,7,1e-05,43,50.0
2053,1,7,1e-05,44,50.0
2054,0,7,1e-05,0,100.0
2055,4,7,1e-05,1,100.0
2056,9,7,1e-05,2,100.0
2057,3,7,1e-05,3,100.0
2058,9,7,1e-05,4,100.0
2059,3,7,1e-05,5,100.0
2060,2,7,1e-05,6,100.0
2061,12,7,1e-05,7,100.0
2062,9,7,1e-05,8,100.0
2063,12,7,1e-05,9,100.0
2064,25,7,1e-05,10,100.0
2065,1,7,1e-05,11,100.0
2066,26,7,1e-05,12,100.0
2067,13,7,1e-05,13,100.0
2068,3,7,1e-05,14,100.0
2069,41,7,1e-05,15,100.0
2070,15,7,1e-05,16,100.0
2071,22,7,1e-05,17,100.0
2072,14,7,1e-05,18,100.0
2073,24,7,1e-05,19,100.0
2074,70,7,1e-05,20,100.0
2075,40,7,1e-05,21,100.0
2076,20,7,1e-05,22,100.0
2077,105,7,1e-05,23,100.0
2078,26,7,1e-05,24,100.0
2079,56,7,1e-05,25,100.0
2080,5,7,1e-05,26,100.0
2081,65,7,1e-05,27,100.0
2082,21,7,1e-05,28,100.0
2083,53,7,1e-05,29,100.0
2084,29,7,1e-05,30,100.0
2085,10,7,1e-05,31,100.0
2086,31,7,1e-05,32,100.0
2087,28,7,1e-05,33,100.0
2088,117,7,1e-05,34,100.0
2089,22,7,1e-05,35,100.0
2090,30,7,1e-05,36,100.0
2091,27,7,1e-05,37,100.0
2092,39,7,1e-05,38,100.0
2093,56,7,1e-05,39,100.0
2094,10,7,1e-05,40,100.0
2095,24,7,1e-05,41,100.0
2096,2,7,1e-05,42,100.0
2097,96,7,1e-05,43,100.0
2098,69,7,1e-05,44,100.0
2099,29,7,1e-05,45,100.0
2100,147,7,1e-05,46,100.0
2101,11,7,1e-05,47,100.0
2102,323,7,1e-05,48,100.0
2103,97,7,1e-05,49,100.0
2104,30,7,1e-05,50,100.0
2105,8,7,1e-05,51,100.0
2106,13,7,1e-05,52,100.0
2107,65,7,1e-05,53,100.0
2108,64,7,1e-05,54,100.0
2109,182,7,1e-05,55,100.0
2110,33,7,1e-05,56,100.0
2111,59,7,1e-05,57,100.0
2112,288,7,1e-05,58,100.0
2113,65,7,1e-05,59,100.0
2114,25,7,1e-05,60,100.0
2115,44,7,1e-05,61,100.0
2116,29,7,1e-05,62,100.0
2117,195,7,1e-05,63,100.0
2118,2,7,1e-05,64,100.0
2119,73,7,1e-05,65,100.0
2120,54,7,1e-05,66,100.0
2121,36,7,1e-05,67,100.0
2122,135,7,1e-05,68,100.0
2123,37,7,1e-05,69,100.0
2124,69,7,1e-05,70,100.0
2125,21,7,1e-05,71,100.0
2126,7,7,1e-05,72,100.0
2127,140,7,1e-05,73,100.0
2128,23,7,1e-05,74,100.0
2129,0,8,1e-06,0,0.0
2130,2,8,1e-06,1,0.0
2131,8,8,1e-06,2,0.0
2132,2,8,1e-06,3,0.0
2133,2,8,1e-06,4,0.0
2134,18,8,1e-06,5,0.0
2135,13,8,1e-06,6,0.0
2136,3,8,1e-06,7,0.0
2137,15,8,1e-06,8,0.0
2138,28,8,1e-06,9,0.0
2139,9,8,1e-06,10,0.0
2140,44,8,1e-06,11,0.0
2141,7,8,1e-06,12,0.0
2142,40,8,1e-06,13,0.0
2143,3,8,1e-06,14,0.0
2144,34,8,1e-06,15,0.0
2145,35,8,1e-06,16,0.0
2146,1,8,1e-06,17,0.0
2147,12,8,1e-06,18,0.0
2148,42,8,1e-06,19,0.0
2149,181,8,1e-06,20,0.0
2150,0,8,1e-06,0,50.0
2151,4,8,1e-06,1,50.0
2152,7,8,1e-06,2,50.0
2153,1,8,1e-06,3,50.0
2154,16,8,1e-06,4,50.0
2155,35,8,1e-06,5,50.0
2156,18,8,1e-06,6,50.0
2157,16,8,1e-06,7,50.0
2158,37,8,1e-06,8,50.0
2159,2,8,1e-06,9,50.0
2160,9,8,1e-06,10,50.0
2161,6,8,1e-06,11,50.0
2162,2,8,1e-06,12,50.0
2163,24,8,1e-06,13,50.0
2164,3,8,1e-06,14,50.0
2165,29,8,1e-06,15,50.0
2166,21,8,1e-06,16,50.0
2167,25,8,1e-06,17,50.0
2168,19,8,1e-06,18,50.0
2169,107,8,1e-06,19,50.0
2170,0,8,1e-06,0,100.0
2171,3,8,1e-06,1,100.0
2172,3,8,1e-06,2,100.0
2173,12,8,1e-06,3,100.0
2174,2,8,1e-06,4,100.0
2175,6,8,1e-06,5,100.0
2176,1,8,1e-06,6,100.0
2177,84,8,1e-06,7,100.0
2178,30,8,1e-06,8,100.0
2179,40,8,1e-06,9,100.0
2180,58,8,1e-06,10,100.0
2181,166,8,1e-06,11,100.0
2182,97,8,1e-06,12,100.0
2183,302,8,1e-06,13,100.0
2184,233,8,1e-06,14,100.0
2185,183,8,1e-06,15,100.0
2186,22,8,1e-06,16,100.0
2187,38,8,1e-06,17,100.0
2188,87,8,1e-06,18,100.0
2189,259,8,1e-06,19,100.0
2190,108,8,1e-06,20,100.0
2191,202,8,1e-06,21,100.0
2192,176,8,1e-06,22,100.0
2193,38,8,1e-06,23,100.0
2194,146,8,1e-06,24,100.0
2195,188,8,1e-06,25,100.0
2196,1118,8,1e-06,26,100.0
2197,0,8,5e-06,0,0.0
2198,2,8,5e-06,1,0.0
2199,15,8,5e-06,2,0.0
2200,1,8,5e-06,3,0.0
2201,8,8,5e-06,4,0.0
2202,41,8,5e-06,5,0.0
2203,1,8,5e-06,6,0.0
2204,1,8,5e-06,7,0.0
2205,5,8,5e-06,8,0.0
2206,2,8,5e-06,9,0.0
2207,2,8,5e-06,10,0.0
2208,18,8,5e-06,11,0.0
2209,14,8,5e-06,12,0.0
2210,13,8,5e-06,13,0.0
2211,5,8,5e-06,14,0.0
2212,2,8,5e-06,15,0.0
2213,4,8,5e-06,16,0.0
2214,9,8,5e-06,17,0.0
2215,3,8,5e-06,18,0.0
2216,5,8,5e-06,19,0.0
2217,40,8,5e-06,20,0.0
2218,30,8,5e-06,21,0.0
2219,23,8,5e-06,22,0.0
2220,7,8,5e-06,23,0.0
2221,2,8,5e-06,24,0.0
2222,129,8,5e-06,25,0.0
2223,31,8,5e-06,26,0.0
2224,3,8,5e-06,27,0.0
2225,32,8,5e-06,28,0.0
2226,12,8,5e-06,29,0.0
2227,38,8,5e-06,30,0.0
2228,1,8,5e-06,31,0.0
2229,0,8,5e-06,0,50.0
2230,1,8,5e-06,1,50.0
2231,10,8,5e-06,2,50.0
2232,4,8,5e-06,3,50.0
2233,5,8,5e-06,4,50.0
2234,6,8,5e-06,5,50.0
2235,6,8,5e-06,6,50.0
2236,3,8,5e-06,7,50.0
2237,6,8,5e-06,8,50.0
2238,11,8,5e-06,9,50.0
2239,7,8,5e-06,10,50.0
2240,1,8,5e-06,11,50.0
2241,16,8,5e-06,12,50.0
2242,2,8,5e-06,13,50.0
2243,10,8,5e-06,14,50.0
2244,35,8,5e-06,15,50.0
2245,1,8,5e-06,16,50.0
2246,11,8,5e-06,17,50.0
2247,8,8,5e-06,18,50.0
2248,2,8,5e-06,19,50.0
2249,18,8,5e-06,20,50.0
2250,15,8,5e-06,21,50.0
2251,24,8,5e-06,22,50.0
2252,20,8,5e-06,23,50.0
2253,37,8,5e-06,24,50.0
2254,1,8,5e-06,25,50.0
2255,4,8,5e-06,26,50.0
2256,46,8,5e-06,27,50.0
2257,27,8,5e-06,28,50.0
2258,3,8,5e-06,29,50.0
2259,18,8,5e-06,30,50.0
2260,14,8,5e-06,31,50.0
2261,6,8,5e-06,32,50.0
2262,3,8,5e-06,33,50.0
2263,0,8,5e-06,0,100.0
2264,23,8,5e-06,1,100.0
2265,3,8,5e-06,2,100.0
2266,10,8,5e-06,3,100.0
2267,3,8,5e-06,4,100.0
2268,12,8,5e-06,5,100.0
2269,2,8,5e-06,6,100.0
2270,6,8,5e-06,7,100.0
2271,14,8,5e-06,8,100.0
2272,1,8,5e-06,9,100.0
2273,48,8,5e-06,10,100.0
2274,16,8,5e-06,11,100.0
2275,11,8,5e-06,12,100.0
2276,16,8,5e-06,13,100.0
2277,73,8,5e-06,14,100.0
2278,31,8,5e-06,15,100.0
2279,45,8,5e-06,16,100.0
2280,34,8,5e-06,17,100.0
2281,31,8,5e-06,18,100.0
2282,84,8,5e-06,19,100.0
2283,30,8,5e-06,20,100.0
2284,40,8,5e-06,21,100.0
2285,13,8,5e-06,22,100.0
2286,105,8,5e-06,23,100.0
2287,58,8,5e-06,24,100.0
2288,14,8,5e-06,25,100.0
2289,106,8,5e-06,26,100.0
2290,77,8,5e-06,27,100.0
2291,227,8,5e-06,28,100.0
2292,166,8,5e-06,29,100.0
2293,195,8,5e-06,30,100.0
2294,234,8,5e-06,31,100.0
2295,111,8,5e-06,32,100.0
2296,14,8,5e-06,33,100.0
2297,25,8,5e-06,34,100.0
2298,268,8,5e-06,35,100.0
2299,64,8,5e-06,36,100.0
2300,6,8,5e-06,37,100.0
2301,124,8,5e-06,38,100.0
2302,298,8,5e-06,39,100.0
2303,409,8,5e-06,40,100.0
2304,16,8,5e-06,41,100.0
2305,6,8,5e-06,42,100.0
2306,38,8,5e-06,43,100.0
2307,25,8,5e-06,44,100.0
2308,108,8,5e-06,45,100.0
2309,96,8,5e-06,46,100.0
2310,111,8,5e-06,47,100.0
2311,71,8,5e-06,48,100.0
2312,32,8,5e-06,49,100.0
2313,10,8,5e-06,50,100.0
2314,38,8,5e-06,51,100.0
2315,4,8,5e-06,52,100.0
2316,0,8,1e-05,0,0.0
2317,2,8,1e-05,1,0.0
2318,15,8,1e-05,2,0.0
2319,1,8,1e-05,3,0.0
2320,7,8,1e-05,4,0.0
2321,8,8,1e-05,5,0.0
2322,41,8,1e-05,6,0.0
2323,34,8,1e-05,7,0.0
2324,30,8,1e-05,8,0.0
2325,1,8,1e-05,9,0.0
2326,14,8,1e-05,10,0.0
2327,1,8,1e-05,11,0.0
2328,1,8,1e-05,12,0.0
2329,4,8,1e-05,13,0.0
2330,5,8,1e-05,14,0.0
2331,2,8,1e-05,15,0.0
2332,2,8,1e-05,16,0.0
2333,18,8,1e-05,17,0.0
2334,13,8,1e-05,18,0.0
2335,5,8,1e-05,19,0.0
2336,1,8,1e-05,20,0.0
2337,4,8,1e-05,21,0.0
2338,9,8,1e-05,22,0.0
2339,3,8,1e-05,23,0.0
2340,3,8,1e-05,24,0.0
2341,5,8,1e-05,25,0.0
2342,40,8,1e-05,26,0.0
2343,16,8,1e-05,27,0.0
2344,7,8,1e-05,28,0.0
2345,8,8,1e-05,29,0.0
2346,2,8,1e-05,30,0.0
2347,129,8,1e-05,31,0.0
2348,31,8,1e-05,32,0.0
2349,32,8,1e-05,33,0.0
2350,4,8,1e-05,34,0.0
2351,1,8,1e-05,35,0.0
2352,0,8,1e-05,0,50.0
2353,1,8,1e-05,1,50.0
2354,10,8,1e-05,2,50.0
2355,4,8,1e-05,3,50.0
2356,5,8,1e-05,4,50.0
2357,5,8,1e-05,5,50.0
2358,1,8,1e-05,6,50.0
2359,6,8,1e-05,7,50.0
2360,6,8,1e-05,8,50.0
2361,3,8,1e-05,9,50.0
2362,9,8,1e-05,10,50.0
2363,6,8,1e-05,11,50.0
2364,2,8,1e-05,12,50.0
2365,1,8,1e-05,13,50.0
2366,11,8,1e-05,14,50.0
2367,7,8,1e-05,15,50.0
2368,1,8,1e-05,16,50.0
2369,16,8,1e-05,17,50.0
2370,2,8,1e-05,18,50.0
2371,1,8,1e-05,19,50.0
2372,35,8,1e-05,20,50.0
2373,1,8,1e-05,21,50.0
2374,9,8,1e-05,22,50.0
2375,8,8,1e-05,23,50.0
2376,2,8,1e-05,24,50.0
2377,18,8,1e-05,25,50.0
2378,3,8,1e-05,26,50.0
2379,15,8,1e-05,27,50.0
2380,24,8,1e-05,28,50.0
2381,19,8,1e-05,29,50.0
2382,37,8,1e-05,30,50.0
2383,1,8,1e-05,31,50.0
2384,5,8,1e-05,32,50.0
2385,4,8,1e-05,33,50.0
2386,46,8,1e-05,34,50.0
2387,27,8,1e-05,35,50.0
2388,18,8,1e-05,36,50.0
2389,9,8,1e-05,37,50.0
2390,3,8,1e-05,38,50.0
2391,0,8,1e-05,0,100.0
2392,10,8,1e-05,1,100.0
2393,23,8,1e-05,2,100.0
2394,1,8,1e-05,3,100.0
2395,3,8,1e-05,4,100.0
2396,10,8,1e-05,5,100.0
2397,3,8,1e-05,6,100.0
2398,12,8,1e-05,7,100.0
2399,2,8,1e-05,8,100.0
2400,6,8,1e-05,9,100.0
2401,14,8,1e-05,10,100.0
2402,1,8,1e-05,11,100.0
2403,33,8,1e-05,12,100.0
2404,34,8,1e-05,13,100.0
2405,60,8,1e-05,14,100.0
2406,48,8,1e-05,15,100.0
2407,8,8,1e-05,16,100.0
2408,16,8,1e-05,17,100.0
2409,11,8,1e-05,18,100.0
2410,70,8,1e-05,19,100.0
2411,16,8,1e-05,20,100.0
2412,73,8,1e-05,21,100.0
2413,10,8,1e-05,22,100.0
2414,31,8,1e-05,23,100.0
2415,45,8,1e-05,24,100.0
2416,26,8,1e-05,25,100.0
2417,34,8,1e-05,26,100.0
2418,31,8,1e-05,27,100.0
2419,84,8,1e-05,28,100.0
2420,30,8,1e-05,29,100.0
2421,40,8,1e-05,30,100.0
2422,13,8,1e-05,31,100.0
2423,35,8,1e-05,32,100.0
2424,58,8,1e-05,33,100.0
2425,14,8,1e-05,34,100.0
2426,96,8,1e-05,35,100.0
2427,77,8,1e-05,36,100.0
2428,227,8,1e-05,37,100.0
2429,166,8,1e-05,38,100.0
2430,74,8,1e-05,39,100.0
2431,195,8,1e-05,40,100.0
2432,234,8,1e-05,41,100.0
2433,51,8,1e-05,42,100.0
2434,14,8,1e-05,43,100.0
2435,1,8,1e-05,44,100.0
2436,25,8,1e-05,45,100.0
2437,268,8,1e-05,46,100.0
2438,64,8,1e-05,47,100.0
2439,52,8,1e-05,48,100.0
2440,6,8,1e-05,49,100.0
2441,124,8,1e-05,50,100.0
2442,298,8,1e-05,51,100.0
2443,409,8,1e-05,52,100.0
2444,16,8,1e-05,53,100.0
2445,6,8,1e-05,54,100.0
2446,3,8,1e-05,55,100.0
2447,38,8,1e-05,56,100.0
2448,25,8,1e-05,57,100.0
2449,96,8,1e-05,58,100.0
2450,59,8,1e-05,59,100.0
2451,11,8,1e-05,60,100.0
2452,32,8,1e-05,61,100.0
2453,30,8,1e-05,62,100.0
2454,0,9,1e-06,0,0.0
2455,1,9,1e-06,1,0.0
2456,2,9,1e-06,2,0.0
2457,6,9,1e-06,3,0.0
2458,5,9,1e-06,4,0.0
2459,22,9,1e-06,5,0.0
2460,10,9,1e-06,6,0.0
2461,74,9,1e-06,7,0.0
2462,6,9,1e-06,8,0.0
2463,25,9,1e-06,9,0.0
2464,3,9,1e-06,10,0.0
2465,52,9,1e-06,11,0.0
2466,26,9,1e-06,12,0.0
2467,177,9,1e-06,13,0.0
2468,2,9,1e-06,14,0.0
2469,45,9,1e-06,15,0.0
2470,43,9,1e-06,16,0.0
2471,0,9,1e-06,0,50.0
2472,1,9,1e-06,1,50.0
2473,1,9,1e-06,2,50.0
2474,14,9,1e-06,3,50.0
2475,41,9,1e-06,4,50.0
2476,12,9,1e-06,5,50.0
2477,18,9,1e-06,6,50.0
2478,1,9,1e-06,7,50.0
2479,10,9,1e-06,8,50.0
2480,21,9,1e-06,9,50.0
2481,57,9,1e-06,10,50.0
2482,153,9,1e-06,11,50.0
2483,15,9,1e-06,12,50.0
2484,16,9,1e-06,13,50.0
2485,21,9,1e-06,14,50.0
2486,0,9,1e-06,0,100.0
2487,42,9,1e-06,1,100.0
2488,10,9,1e-06,2,100.0
2489,7,9,1e-06,3,100.0
2490,25,9,1e-06,4,100.0
2491,12,9,1e-06,5,100.0
2492,28,9,1e-06,6,100.0
2493,64,9,1e-06,7,100.0
2494,4,9,1e-06,8,100.0
2495,2,9,1e-06,9,100.0
2496,19,9,1e-06,10,100.0
2497,7,9,1e-06,11,100.0
2498,259,9,1e-06,12,100.0
2499,13,9,1e-06,13,100.0
2500,41,9,1e-06,14,100.0
2501,29,9,1e-06,15,100.0
2502,18,9,1e-06,16,100.0
2503,316,9,1e-06,17,100.0
2504,526,9,1e-06,18,100.0
2505,1333,9,1e-06,19,100.0
2506,117,9,1e-06,20,100.0
2507,319,9,1e-06,21,100.0
2508,411,9,1e-06,22,100.0
2509,0,9,5e-06,0,0.0
2510,1,9,5e-06,1,0.0
2511,2,9,5e-06,2,0.0
2512,1,9,5e-06,3,0.0
2513,2,9,5e-06,4,0.0
2514,6,9,5e-06,5,0.0
2515,5,9,5e-06,6,0.0
2516,22,9,5e-06,7,0.0
2517,1,9,5e-06,8,0.0
2518,10,9,5e-06,9,0.0
2519,3,9,5e-06,10,0.0
2520,40,9,5e-06,11,0.0
2521,74,9,5e-06,12,0.0
2522,2,9,5e-06,13,0.0
2523,9,9,5e-06,14,0.0
2524,10,9,5e-06,15,0.0
2525,16,9,5e-06,16,0.0
2526,11,9,5e-06,17,0.0
2527,3,9,5e-06,18,0.0
2528,2,9,5e-06,19,0.0
2529,6,9,5e-06,20,0.0
2530,25,9,5e-06,21,0.0
2531,23,9,5e-06,22,0.0
2532,10,9,5e-06,23,0.0
2533,3,9,5e-06,24,0.0
2534,1,9,5e-06,25,0.0
2535,1,9,5e-06,26,0.0
2536,8,9,5e-06,27,0.0
2537,40,9,5e-06,28,0.0
2538,162,9,5e-06,29,0.0
2539,0,9,5e-06,0,50.0
2540,1,9,5e-06,1,50.0
2541,3,9,5e-06,2,50.0
2542,1,9,5e-06,3,50.0
2543,14,9,5e-06,4,50.0
2544,3,9,5e-06,5,50.0
2545,41,9,5e-06,6,50.0
2546,1,9,5e-06,7,50.0
2547,3,9,5e-06,8,50.0
2548,12,9,5e-06,9,50.0
2549,1,9,5e-06,10,50.0
2550,20,9,5e-06,11,50.0
2551,18,9,5e-06,12,50.0
2552,2,9,5e-06,13,50.0
2553,13,9,5e-06,14,50.0
2554,4,9,5e-06,15,50.0
2555,3,9,5e-06,16,50.0
2556,52,9,5e-06,17,50.0
2557,1,9,5e-06,18,50.0
2558,1,9,5e-06,19,50.0
2559,1,9,5e-06,20,50.0
2560,10,9,5e-06,21,50.0
2561,5,9,5e-06,22,50.0
2562,8,9,5e-06,23,50.0
2563,1,9,5e-06,24,50.0
2564,6,9,5e-06,25,50.0
2565,5,9,5e-06,26,50.0
2566,9,9,5e-06,27,50.0
2567,142,9,5e-06,28,50.0
2568,0,9,5e-06,0,100.0
2569,1,9,5e-06,1,100.0
2570,42,9,5e-06,2,100.0
2571,10,9,5e-06,3,100.0
2572,7,9,5e-06,4,100.0
2573,16,9,5e-06,5,100.0
2574,27,9,5e-06,6,100.0
2575,4,9,5e-06,7,100.0
2576,5,9,5e-06,8,100.0
2577,25,9,5e-06,9,100.0
2578,7,9,5e-06,10,100.0
2579,12,9,5e-06,11,100.0
2580,28,9,5e-06,12,100.0
2581,19,9,5e-06,13,100.0
2582,64,9,5e-06,14,100.0
2583,77,9,5e-06,15,100.0
2584,4,9,5e-06,16,100.0
2585,51,9,5e-06,17,100.0
2586,51,9,5e-06,18,100.0
2587,2,9,5e-06,19,100.0
2588,32,9,5e-06,20,100.0
2589,19,9,5e-06,21,100.0
2590,55,9,5e-06,22,100.0
2591,7,9,5e-06,23,100.0
2592,75,9,5e-06,24,100.0
2593,103,9,5e-06,25,100.0
2594,259,9,5e-06,26,100.0
2595,71,9,5e-06,27,100.0
2596,46,9,5e-06,28,100.0
2597,17,9,5e-06,29,100.0
2598,41,9,5e-06,30,100.0
2599,13,9,5e-06,31,100.0
2600,15,9,5e-06,32,100.0
2601,329,9,5e-06,33,100.0
2602,118,9,5e-06,34,100.0
2603,34,9,5e-06,35,100.0
2604,81,9,5e-06,36,100.0
2605,13,9,5e-06,37,100.0
2606,41,9,5e-06,38,100.0
2607,167,9,5e-06,39,100.0
2608,29,9,5e-06,40,100.0
2609,118,9,5e-06,41,100.0
2610,18,9,5e-06,42,100.0
2611,78,9,5e-06,43,100.0
2612,89,9,5e-06,44,100.0
2613,95,9,5e-06,45,100.0
2614,1,9,5e-06,46,100.0
2615,209,9,5e-06,47,100.0
2616,966,9,5e-06,48,100.0
2617,11,9,5e-06,49,100.0
2618,0,9,1e-05,0,0.0
2619,6,9,1e-05,1,0.0
2620,1,9,1e-05,2,0.0
2621,2,9,1e-05,3,0.0
2622,10,9,1e-05,4,0.0
2623,1,9,1e-05,5,0.0
2624,2,9,1e-05,6,0.0
2625,6,9,1e-05,7,0.0
2626,5,9,1e-05,8,0.0
2627,10,9,1e-05,9,0.0
2628,22,9,1e-05,10,0.0
2629,11,9,1e-05,11,0.0
2630,1,9,1e-05,12,0.0
2631,3,9,1e-05,13,0.0
2632,5,9,1e-05,14,0.0
2633,10,9,1e-05,15,0.0
2634,3,9,1e-05,16,0.0
2635,40,9,1e-05,17,0.0
2636,74,9,1e-05,18,0.0
2637,2,9,1e-05,19,0.0
2638,5,9,1e-05,20,0.0
2639,9,9,1e-05,21,0.0
2640,8,9,1e-05,22,0.0
2641,18,9,1e-05,23,0.0
2642,1,9,1e-05,24,0.0
2643,10,9,1e-05,25,0.0
2644,16,9,1e-05,26,0.0
2645,11,9,1e-05,27,0.0
2646,3,9,1e-05,28,0.0
2647,5,9,1e-05,29,0.0
2648,2,9,1e-05,30,0.0
2649,25,9,1e-05,31,0.0
2650,1,9,1e-05,32,0.0
2651,86,9,1e-05,33,0.0
2652,14,9,1e-05,34,0.0
2653,71,9,1e-05,35,0.0
2654,0,9,1e-05,0,50.0
2655,1,9,1e-05,1,50.0
2656,1,9,1e-05,2,50.0
2657,2,9,1e-05,3,50.0
2658,3,9,1e-05,4,50.0
2659,1,9,1e-05,5,50.0
2660,14,9,1e-05,6,50.0
2661,1,9,1e-05,7,50.0
2662,8,9,1e-05,8,50.0
2663,3,9,1e-05,9,50.0
2664,41,9,1e-05,10,50.0
2665,1,9,1e-05,11,50.0
2666,5,9,1e-05,12,50.0
2667,3,9,1e-05,13,50.0
2668,7,9,1e-05,14,50.0
2669,12,9,1e-05,15,50.0
2670,1,9,1e-05,16,50.0
2671,20,9,1e-05,17,50.0
2672,18,9,1e-05,18,50.0
2673,2,9,1e-05,19,50.0
2674,13,9,1e-05,20,50.0
2675,4,9,1e-05,21,50.0
2676,4,9,1e-05,22,50.0
2677,6,9,1e-05,23,50.0
2678,3,9,1e-05,24,50.0
2679,52,9,1e-05,25,50.0
2680,1,9,1e-05,26,50.0
2681,5,9,1e-05,27,50.0
2682,1,9,1e-05,28,50.0
2683,10,9,1e-05,29,50.0
2684,1,9,1e-05,30,50.0
2685,94,9,1e-05,31,50.0
2686,1,9,1e-05,32,50.0
2687,2,9,1e-05,33,50.0
2688,40,9,1e-05,34,50.0
2689,0,9,1e-05,0,100.0
2690,1,9,1e-05,1,100.0
2691,2,9,1e-05,2,100.0
2692,3,9,1e-05,3,100.0
2693,1,9,1e-05,4,100.0
2694,42,9,1e-05,5,100.0
2695,15,9,1e-05,6,100.0
2696,10,9,1e-05,7,100.0
2697,7,9,1e-05,8,100.0
2698,16,9,1e-05,9,100.0
2699,27,9,1e-05,10,100.0
2700,51,9,1e-05,11,100.0
2701,16,9,1e-05,12,100.0
2702,4,9,1e-05,13,100.0
2703,5,9,1e-05,14,100.0
2704,25,9,1e-05,15,100.0
2705,7,9,1e-05,16,100.0
2706,12,9,1e-05,17,100.0
2707,28,9,1e-05,18,100.0
2708,22,9,1e-05,19,100.0
2709,20,9,1e-05,20,100.0
2710,103,9,1e-05,21,100.0
2711,19,9,1e-05,22,100.0
2712,64,9,1e-05,23,100.0
2713,77,9,1e-05,24,100.0
2714,4,9,1e-05,25,100.0
2715,51,9,1e-05,26,100.0
2716,45,9,1e-05,27,100.0
2717,51,9,1e-05,28,100.0
2718,9,9,1e-05,29,100.0
2719,7,9,1e-05,30,100.0
2720,14,9,1e-05,31,100.0
2721,2,9,1e-05,32,100.0
2722,32,9,1e-05,33,100.0
2723,19,9,1e-05,34,100.0
2724,55,9,1e-05,35,100.0
2725,7,9,1e-05,36,100.0
2726,75,9,1e-05,37,100.0
2727,103,9,1e-05,38,100.0
2728,259,9,1e-05,39,100.0
2729,25,9,1e-05,40,100.0
2730,71,9,1e-05,41,100.0
2731,46,9,1e-05,42,100.0
2732,22,9,1e-05,43,100.0
2733,17,9,1e-05,44,100.0
2734,71,9,1e-05,45,100.0
2735,70,9,1e-05,46,100.0
2736,89,9,1e-05,47,100.0
2737,38,9,1e-05,48,100.0
2738,13,9,1e-05,49,100.0
2739,15,9,1e-05,50,100.0
2740,16,9,1e-05,51,100.0
2741,329,9,1e-05,52,100.0
2742,116,9,1e-05,53,100.0
2743,34,9,1e-05,54,100.0
2744,71,9,1e-05,55,100.0
2745,61,9,1e-05,56,100.0
2746,13,9,1e-05,57,100.0
2747,103,9,1e-05,58,100.0
2748,41,9,1e-05,59,100.0
2749,26,9,1e-05,60,100.0
2750,78,9,1e-05,61,100.0
2751,638,9,1e-05,62,100.0
2752,10,9,1e-05,63,100.0
2753,9,9,1e-05,64,100.0
2754,24,9,1e-05,65,100.0
2755,75,9,1e-05,66,100.0
2756,38,9,1e-05,67,100.0
2757,132,9,1e-05,68,100.0
2758,1,9,1e-05,69,100.0
2759,0,10,1e-06,0,0.0
2760,8,10,1e-06,1,0.0
2761,1,10,1e-06,2,0.0
2762,1,10,1e-06,3,0.0
2763,30,10,1e-06,4,0.0
2764,4,10,1e-06,5,0.0
2765,11,10,1e-06,6,0.0
2766,4,10,1e-06,7,0.0
2767,41,10,1e-06,8,0.0
2768,12,10,1e-06,9,0.0
2769,64,10,1e-06,10,0.0
2770,2,10,1e-06,11,0.0
2771,67,10,1e-06,12,0.0
2772,24,10,1e-06,13,0.0
2773,50,10,1e-06,14,0.0
2774,10,10,1e-06,15,0.0
2775,106,10,1e-06,16,0.0
2776,64,10,1e-06,17,0.0
2777,0,10,1e-06,0,50.0
2778,2,10,1e-06,1,50.0
2779,5,10,1e-06,2,50.0
2780,20,10,1e-06,3,50.0
2781,3,10,1e-06,4,50.0
2782,6,10,1e-06,5,50.0
2783,46,10,1e-06,6,50.0
2784,41,10,1e-06,7,50.0
2785,68,10,1e-06,8,50.0
2786,12,10,1e-06,9,50.0
2787,11,10,1e-06,10,50.0
2788,21,10,1e-06,11,50.0
2789,41,10,1e-06,12,50.0
2790,15,10,1e-06,13,50.0
2791,74,10,1e-06,14,50.0
2792,16,10,1e-06,15,50.0
2793,0,10,1e-06,0,100.0
2794,16,10,1e-06,1,100.0
2795,22,10,1e-06,2,100.0
2796,8,10,1e-06,3,100.0
2797,87,10,1e-06,4,100.0
2798,39,10,1e-06,5,100.0
2799,39,10,1e-06,6,100.0
2800,1,10,1e-06,7,100.0
2801,78,10,1e-06,8,100.0
2802,47,10,1e-06,9,100.0
2803,296,10,1e-06,10,100.0
2804,383,10,1e-06,11,100.0
2805,453,10,1e-06,12,100.0
2806,117,10,1e-06,13,100.0
2807,595,10,1e-06,14,100.0
2808,236,10,1e-06,15,100.0
2809,319,10,1e-06,16,100.0
2810,353,10,1e-06,17,100.0
2811,454,10,1e-06,18,100.0
2812,59,10,1e-06,19,100.0
2813,0,10,5e-06,0,0.0
2814,8,10,5e-06,1,0.0
2815,4,10,5e-06,2,0.0
2816,1,10,5e-06,3,0.0
2817,1,10,5e-06,4,0.0
2818,6,10,5e-06,5,0.0
2819,43,10,5e-06,6,0.0
2820,5,10,5e-06,7,0.0
2821,21,10,5e-06,8,0.0
2822,30,10,5e-06,9,0.0
2823,3,10,5e-06,10,0.0
2824,6,10,5e-06,11,0.0
2825,4,10,5e-06,12,0.0
2826,5,10,5e-06,13,0.0
2827,29,10,5e-06,14,0.0
2828,4,10,5e-06,15,0.0
2829,40,10,5e-06,16,0.0
2830,24,10,5e-06,17,0.0
2831,2,10,5e-06,18,0.0
2832,11,10,5e-06,19,0.0
2833,21,10,5e-06,20,0.0
2834,41,10,5e-06,21,0.0
2835,5,10,5e-06,22,0.0
2836,52,10,5e-06,23,0.0
2837,64,10,5e-06,24,0.0
2838,2,10,5e-06,25,0.0
2839,24,10,5e-06,26,0.0
2840,43,10,5e-06,27,0.0
2841,0,10,5e-06,0,50.0
2842,4,10,5e-06,1,50.0
2843,3,10,5e-06,2,50.0
2844,2,10,5e-06,3,50.0
2845,5,10,5e-06,4,50.0
2846,1,10,5e-06,5,50.0
2847,30,10,5e-06,6,50.0
2848,4,10,5e-06,7,50.0
2849,8,10,5e-06,8,50.0
2850,13,10,5e-06,9,50.0
2851,20,10,5e-06,10,50.0
2852,2,10,5e-06,11,50.0
2853,11,10,5e-06,12,50.0
2854,3,10,5e-06,13,50.0
2855,6,10,5e-06,14,50.0
2856,29,10,5e-06,15,50.0
2857,27,10,5e-06,16,50.0
2858,1,10,5e-06,17,50.0
2859,16,10,5e-06,18,50.0
2860,1,10,5e-06,19,50.0
2861,6,10,5e-06,20,50.0
2862,12,10,5e-06,21,50.0
2863,46,10,5e-06,22,50.0
2864,14,10,5e-06,23,50.0
2865,28,10,5e-06,24,50.0
2866,67,10,5e-06,25,50.0
2867,12,10,5e-06,26,50.0
2868,7,10,5e-06,27,50.0
2869,3,10,5e-06,28,50.0
2870,0,10,5e-06,0,100.0
2871,5,10,5e-06,1,100.0
2872,1,10,5e-06,2,100.0
2873,16,10,5e-06,3,100.0
2874,35,10,5e-06,4,100.0
2875,26,10,5e-06,5,100.0
2876,4,10,5e-06,6,100.0
2877,22,10,5e-06,7,100.0
2878,29,10,5e-06,8,100.0
2879,8,10,5e-06,9,100.0
2880,12,10,5e-06,10,100.0
2881,3,10,5e-06,11,100.0
2882,87,10,5e-06,12,100.0
2883,1,10,5e-06,13,100.0
2884,23,10,5e-06,14,100.0
2885,205,10,5e-06,15,100.0
2886,75,10,5e-06,16,100.0
2887,39,10,5e-06,17,100.0
2888,26,10,5e-06,18,100.0
2889,39,10,5e-06,19,100.0
2890,95,10,5e-06,20,100.0
2891,77,10,5e-06,21,100.0
2892,36,10,5e-06,22,100.0
2893,1,10,5e-06,23,100.0
2894,155,10,5e-06,24,100.0
2895,179,10,5e-06,25,100.0
2896,96,10,5e-06,26,100.0
2897,2,10,5e-06,27,100.0
2898,70,10,5e-06,28,100.0
2899,55,10,5e-06,29,100.0
2900,11,10,5e-06,30,100.0
2901,110,10,5e-06,31,100.0
2902,78,10,5e-06,32,100.0
2903,137,10,5e-06,33,100.0
2904,296,10,5e-06,34,100.0
2905,210,10,5e-06,35,100.0
2906,307,10,5e-06,36,100.0
2907,452,10,5e-06,37,100.0
2908,117,10,5e-06,38,100.0
2909,13,10,5e-06,39,100.0
2910,361,10,5e-06,40,100.0
2911,55,10,5e-06,41,100.0
2912,33,10,5e-06,42,100.0
2913,0,10,1e-05,0,0.0
2914,8,10,1e-05,1,0.0
2915,4,10,1e-05,2,0.0
2916,1,10,1e-05,3,0.0
2917,1,10,1e-05,4,0.0
2918,9,10,1e-05,5,0.0
2919,2,10,1e-05,6,0.0
2920,6,10,1e-05,7,0.0
2921,43,10,1e-05,8,0.0
2922,2,10,1e-05,9,0.0
2923,5,10,1e-05,10,0.0
2924,5,10,1e-05,11,0.0
2925,21,10,1e-05,12,0.0
2926,30,10,1e-05,13,0.0
2927,3,10,1e-05,14,0.0
2928,5,10,1e-05,15,0.0
2929,6,10,1e-05,16,0.0
2930,4,10,1e-05,17,0.0
2931,29,10,1e-05,18,0.0
2932,4,10,1e-05,19,0.0
2933,40,10,1e-05,20,0.0
2934,24,10,1e-05,21,0.0
2935,12,10,1e-05,22,0.0
2936,21,10,1e-05,23,0.0
2937,2,10,1e-05,24,0.0
2938,11,10,1e-05,25,0.0
2939,3,10,1e-05,26,0.0
2940,36,10,1e-05,27,0.0
2941,42,10,1e-05,28,0.0
2942,5,10,1e-05,29,0.0
2943,50,10,1e-05,30,0.0
2944,62,10,1e-05,31,0.0
2945,2,10,1e-05,32,0.0
2946,1,10,1e-05,33,0.0
2947,0,10,1e-05,0,50.0
2948,4,10,1e-05,1,50.0
2949,1,10,1e-05,2,50.0
2950,3,10,1e-05,3,50.0
2951,2,10,1e-05,4,50.0
2952,5,10,1e-05,5,50.0
2953,2,10,1e-05,6,50.0
2954,1,10,1e-05,7,50.0
2955,30,10,1e-05,8,50.0
2956,4,10,1e-05,9,50.0
2957,8,10,1e-05,10,50.0
2958,2,10,1e-05,11,50.0
2959,8,10,1e-05,12,50.0
2960,4,10,1e-05,13,50.0
2961,4,10,1e-05,14,50.0
2962,13,10,1e-05,15,50.0
2963,20,10,1e-05,16,50.0
2964,2,10,1e-05,17,50.0
2965,11,10,1e-05,18,50.0
2966,3,10,1e-05,19,50.0
2967,25,10,1e-05,20,50.0
2968,27,10,1e-05,21,50.0
2969,1,10,1e-05,22,50.0
2970,16,10,1e-05,23,50.0
2971,6,10,1e-05,24,50.0
2972,12,10,1e-05,25,50.0
2973,6,10,1e-05,26,50.0
2974,46,10,1e-05,27,50.0
2975,1,10,1e-05,28,50.0
2976,14,10,1e-05,29,50.0
2977,26,10,1e-05,30,50.0
2978,59,10,1e-05,31,50.0
2979,12,10,1e-05,32,50.0
2980,2,10,1e-05,33,50.0
2981,1,10,1e-05,34,50.0
2982,0,10,1e-05,0,100.0
2983,5,10,1e-05,1,100.0
2984,1,10,1e-05,2,100.0
2985,16,10,1e-05,3,100.0
2986,35,10,1e-05,4,100.0
2987,26,10,1e-05,5,100.0
2988,23,10,1e-05,6,100.0
2989,4,10,1e-05,7,100.0
2990,22,10,1e-05,8,100.0
2991,29,10,1e-05,9,100.0
2992,8,10,1e-05,10,100.0
2993,8,10,1e-05,11,100.0
2994,104,10,1e-05,12,100.0
2995,12,10,1e-05,13,100.0
2996,3,10,1e-05,14,100.0
2997,87,10,1e-05,15,100.0
2998,10,10,1e-05,16,100.0
2999,13,10,1e-05,17,100.0
3000,87,10,1e-05,18,100.0
3001,1,10,1e-05,19,100.0
3002,21,10,1e-05,20,100.0
3003,23,10,1e-05,21,100.0
3004,205,10,1e-05,22,100.0
3005,130,10,1e-05,23,100.0
3006,7,10,1e-05,24,100.0
3007,42,10,1e-05,25,100.0
3008,74,10,1e-05,26,100.0
3009,61,10,1e-05,27,100.0
3010,20,10,1e-05,28,100.0
3011,49,10,1e-05,29,100.0
3012,75,10,1e-05,30,100.0
3013,94,10,1e-05,31,100.0
3014,39,10,1e-05,32,100.0
3015,20,10,1e-05,33,100.0
3016,26,10,1e-05,34,100.0
3017,39,10,1e-05,35,100.0
3018,95,10,1e-05,36,100.0
3019,77,10,1e-05,37,100.0
3020,36,10,1e-05,38,100.0
3021,36,10,1e-05,39,100.0
3022,1,10,1e-05,40,100.0
3023,35,10,1e-05,41,100.0
3024,159,10,1e-05,42,100.0
3025,96,10,1e-05,43,100.0
3026,2,10,1e-05,44,100.0
3027,63,10,1e-05,45,100.0
3028,187,10,1e-05,46,100.0
3029,95,10,1e-05,47,100.0
3030,55,10,1e-05,48,100.0
3031,3,10,1e-05,49,100.0
3032,78,10,1e-05,50,100.0
3033,4,10,1e-05,51,100.0
3034,250,10,1e-05,52,100.0
3035,8,10,1e-05,53,100.0
3036,210,10,1e-05,54,100.0
3037,220,10,1e-05,55,100.0
3038,322,10,1e-05,56,100.0
3039,96,10,1e-05,57,100.0
3040,25,10,1e-05,58,100.0
3041,13,10,1e-05,59,100.0
3042,17,10,1e-05,60,100.0
